#,Bid ranges (gross),Bids,Average bid CPM (gross) (THB),Estimated earnings from bids (THB),Impressions won,Winning bid CPM (gross) (THB),Close CPM (THB),Win %
1,THB 0.00 - THB 3.19,"2,088,654",1.51,0,0,0,0,0.00%
2,THB 3.19 - THB 6.39,"597,013",4.31,0,0,0,0,0.00%
3,THB 6.39 - THB 9.58,"225,738",7.94,0,0,0,0,0.00%
4,THB 9.58 - THB 12.77,"256,984",11.21,0,0,0,0,0.00%
5,THB 12.77 - THB 15.97,"290,400",14.62,0,0,0,0,0.00%
6,THB 15.97 - THB 19.16,"447,308",17.12,0,0,0,0,0.00%
7,THB 19.16 - THB 22.36,"185,064",20.66,0,0,0,0,0.00%
8,THB 22.36 - THB 25.55,"95,058",23.85,0,0,0,0,0.00%
9,THB 25.55 - THB 28.74,"84,146",27.19,0,0,0,0,0.00%
10,THB 28.74 - THB 31.94,"109,359",30.25,0,0,0,0,0.00%
11,THB 31.94 - THB 35.13,"65,795",33.44,0,0,0,0,0.00%
12,THB 35.13 - THB 38.32,"53,087",36.67,0,0,0,0,0.00%
13,THB 38.32 - THB 41.52,"70,837",39.95,0,0,0,0,0.00%
14,THB 41.52 - THB 44.71,"55,314",42.98,0,0,0,0,0.00%
15,THB 44.71 - THB 47.91,"47,820",46.14,0,0,0,0,0.00%
16,THB 47.91 - THB 51.10,"30,063",49.26,696.49,"15,647",49.38,44.51,52.05%
17,THB 51.10 - THB 54.29,"21,319",52.49,595.94,"13,364",52.6,44.59,62.69%
18,THB 54.29 - THB 57.49,"17,210",55.8,502.62,"11,404",55.81,44.07,66.26%
19,THB 57.49 - THB 60.68,"14,609",59,456.84,"10,262",59.07,44.52,70.24%
20,THB 60.68 - THB 63.87,"12,760",62.21,401,"9,053",62.21,44.29,70.95%
21,THB 63.87 - THB 67.07,"14,598",65.23,507.03,"11,096",65.18,45.69,76.01%
22,THB 67.07 - THB 70.26,"10,366",68.61,119.84,"2,417",67.85,49.58,23.32%
23,THB 70.26 - THB 73.45,"14,019",71.99,52.18,851,71.86,61.32,6.07%
24,THB 73.45 - THB 76.65,"24,708",75.02,55.31,892,75.04,62.01,3.61%
25,THB 76.65 - THB 79.84,"16,168",77.87,43.43,705,78.15,61.61,4.36%
26,THB 79.84 - THB 83.04,"29,061",80.59,"1,280.18","20,908",80.34,61.23,71.95%
27,THB 83.04 - THB 86.23,"10,165",84.72,259.37,"4,407",84.61,58.85,43.35%
28,THB 86.23 - THB 89.42,"11,181",87.5,245.28,"4,167",87.8,58.86,37.27%
29,THB 89.42 - THB 92.62,"6,348",90.79,252.76,"4,241",90.83,59.6,66.81%
30,THB 92.62 - THB 95.81,"5,334",94.38,198.67,"3,401",94.2,58.41,63.76%
31,THB 95.81 - THB 99.00,"4,955",97,245.03,"4,167",96.97,58.8,84.10%
32,THB 99.00 - THB 102.20,"6,076",100.47,279.73,"4,670",100.35,59.9,76.86%
33,THB 102.20 - THB 105.39,"3,014",103.79,154.33,"2,625",103.77,58.79,87.09%
34,THB 105.39 - THB 108.58,"2,855",106.96,153.55,"2,588",106.97,59.33,90.65%
35,THB 108.58 - THB 111.78,"2,850",110.05,156.57,"2,654",110.05,59,93.12%
36,THB 111.78 - THB 114.97,"2,265",113.33,125.56,"2,123",113.34,59.14,93.73%
37,THB 114.97 - THB 118.17,"3,191",116.7,179.17,"2,987",116.71,59.98,93.61%
38,THB 118.17 - THB 121.36,"2,161",119.82,116.33,"1,945",119.81,59.81,90.00%
39,THB 121.36 - THB 124.55,"2,339",122.93,131.2,"2,186",122.94,60.02,93.46%
40,THB 124.55 - THB 127.75,"3,052",126.6,138.74,"2,244",126.37,61.83,73.53%
41,THB 127.75 - THB 130.94,"2,075",128.81,114.75,"1,911",128.82,60.05,92.10%
42,THB 130.94 - THB 134.13,"1,239",132.53,67.64,"1,158",132.54,58.41,93.46%
43,THB 134.13 - THB 137.33,"7,470",136.09,432.4,"7,027",136.09,61.53,94.07%
44,THB 137.33 - THB 140.52,"5,966",138.63,340.57,"5,520",138.61,61.7,92.52%
45,THB 140.52 - THB 143.72,"1,053",142.05,57.71,974,142.04,59.25,92.50%
46,THB 143.72 - THB 146.91,"1,564",145.28,91.17,"1,479",145.27,61.64,94.57%
47,THB 146.91 - THB 150.10,"1,995",149.4,115.34,"1,877",149.41,61.45,94.09%
48,THB 150.10 - THB 153.30,"1,284",151.95,74.44,"1,226",151.96,60.71,95.48%
49,THB 153.30 - THB 156.49,"3,361",155.55,203.16,"3,177",155.57,63.95,94.53%
50,THB 156.49 - THB 159.68,"1,468",157.94,86.11,"1,377",157.95,62.53,93.80%
51,THB 159.68 - THB 162.88,"1,787",160.71,101.6,"1,638",160.76,62.03,91.66%
52,THB 162.88 - THB 166.07,729,164.53,42.44,690,164.53,61.51,94.65%
53,THB 166.07 - THB 169.26,720,167.7,44.36,693,167.7,64.02,96.25%
54,THB 169.26 - THB 172.46,592,170.83,33.49,563,170.83,59.48,95.10%
55,THB 172.46 - THB 175.65,568,173.99,33.17,540,173.98,61.42,95.07%
56,THB 175.65 - THB 178.85,568,177.27,33.08,527,177.28,62.78,92.78%
57,THB 178.85 - THB 182.04,490,180.45,28.93,464,180.45,62.36,94.69%
58,THB 182.04 - THB 185.23,506,183.57,30.68,481,183.57,63.78,95.06%
59,THB 185.23 - THB 188.43,403,186.85,23.99,378,186.85,63.46,93.80%
60,THB 188.43 - THB 191.62,777,189.68,49.22,749,189.67,65.72,96.40%
61,THB 191.62 - THB 194.81,551,193.25,33.51,519,193.26,64.57,94.19%
62,THB 194.81 - THB 198.01,717,196.42,45.24,685,196.42,66.04,95.54%
63,THB 198.01 - THB 201.20,"1,030",199.49,66.91,995,199.48,67.25,96.60%
64,THB 201.20 - THB 204.39,"1,232",203.15,81.47,"1,188",203.15,68.58,96.43%
65,THB 204.39 - THB 207.59,437,206.04,26.57,413,206.04,64.32,94.51%
66,THB 207.59 - THB 210.78,513,208.86,32.92,490,208.85,67.19,95.52%
67,THB 210.78 - THB 213.98,557,212.09,35.5,531,212.11,66.85,95.33%
68,THB 213.98 - THB 217.17,414,215.52,25.44,389,215.51,65.39,93.96%
69,THB 217.17 - THB 220.36,544,219.06,35.08,524,219.05,66.94,96.32%
70,THB 220.36 - THB 223.56,294,221.95,16.86,275,221.97,61.32,93.54%
71,THB 223.56 - THB 226.75,359,225.22,22.3,343,225.23,65,95.54%
72,THB 226.75 - THB 229.94,326,228.1,18.98,298,228.1,63.7,91.41%
73,THB 229.94 - THB 233.14,345,231.54,21.57,331,231.55,65.17,95.94%
74,THB 233.14 - THB 236.33,478,234.26,30.18,457,234.25,66.03,95.61%
75,THB 236.33 - THB 239.53,"1,076",237.43,70.95,998,237.44,71.09,92.75%
76,THB 239.53 - THB 242.72,242,241.04,15.72,233,241.01,67.46,96.28%
77,THB 242.72 - THB 245.91,244,244.25,14.18,225,244.28,63.03,92.21%
78,THB 245.91 - THB 249.11,329,247.03,20.16,304,247.06,66.33,92.40%
79,THB 249.11 - THB 252.30,198,250.77,12.21,188,250.76,64.94,94.95%
80,THB 252.30 - THB 255.49,425,253.87,27.71,403,253.87,68.75,94.82%
81,THB 255.49 - THB 258.69,251,256.94,15.79,240,256.95,65.79,95.62%
82,THB 258.69 - THB 261.88,198,260.25,13.16,189,260.21,69.62,95.45%
83,THB 261.88 - THB 265.07,187,263.36,11.17,171,263.34,65.33,91.44%
84,THB 265.07 - THB 268.27,171,266.65,10.85,162,266.65,66.98,94.74%
85,THB 268.27 - THB 271.46,174,269.86,10.82,168,269.86,64.43,96.55%
86,THB 271.46 - THB 274.66,157,273.02,9.74,145,273.04,67.18,92.36%
87,THB 274.66 - THB 277.85,484,275.58,33.51,467,275.57,71.76,96.49%
88,THB 277.85 - THB 281.04,532,279.94,37.05,520,279.95,71.26,97.74%
89,THB 281.04 - THB 284.24,163,282.58,10.44,156,282.58,66.94,95.71%
90,THB 284.24 - THB 287.43,171,285.75,11.33,167,285.75,67.85,97.66%
91,THB 287.43 - THB 290.62,175,289,10.83,165,289.03,65.62,94.29%
92,THB 290.62 - THB 293.82,147,292.14,9.21,139,292.13,66.26,94.56%
93,THB 293.82 - THB 297.01,185,294.97,12.45,177,294.95,70.36,95.68%
94,THB 297.01 - THB 300.21,131,298.62,8.37,126,298.59,66.45,96.18%
95,THB 300.21 - THB 303.40,124,301.63,7.28,116,301.57,62.77,93.55%
96,THB 303.40 - THB 306.59,153,305.01,10.03,148,305.01,67.8,96.73%
97,THB 306.59 - THB 309.79,151,308.1,10.44,147,308.08,71.01,97.35%
98,THB 309.79 - THB 312.98,106,311.5,6.96,101,311.51,68.86,95.28%
99,THB 312.98 - THB 316.17,124,314.57,7.87,117,314.58,67.25,94.35%
100,THB 316.17 - THB 319.37,125,317.73,7.47,116,317.77,64.43,92.80%
101,THB 319.37 - THB 322.56,"1,033",319.67,75.72,950,319.68,79.7,91.97%
102,THB 322.56 - THB 325.75,106,324.13,6.41,99,324.11,64.71,93.40%
103,THB 325.75 - THB 328.95,112,327.18,7.06,106,327.17,66.59,94.64%
104,THB 328.95 - THB 332.14,94,330.44,5.9,90,330.41,65.58,95.74%
105,THB 332.14 - THB 335.34,124,333.63,8.15,121,333.62,67.33,97.58%
106,THB 335.34 - THB 338.53,126,336.8,7.23,112,336.89,64.57,88.89%
107,THB 338.53 - THB 341.72,82,340.04,5.67,80,340.02,70.93,97.56%
108,THB 341.72 - THB 344.92,84,343.34,5.2,82,343.36,63.47,97.62%
109,THB 344.92 - THB 348.11,97,346.37,6.34,93,346.35,68.19,95.88%
110,THB 348.11 - THB 351.30,98,349.67,6.15,93,349.68,66.1,94.90%
111,THB 351.30 - THB 354.50,89,352.81,5.88,85,352.85,69.16,95.51%
112,THB 354.50 - THB 357.69,91,356.12,6.33,87,356.14,72.75,95.60%
113,THB 357.69 - THB 360.88,94,359.41,5.99,92,359.42,65.16,97.87%
114,THB 360.88 - THB 364.08,102,362.33,7.02,100,362.34,70.19,98.04%
115,THB 364.08 - THB 367.27,94,365.55,6.72,93,365.55,72.27,98.94%
116,THB 367.27 - THB 370.47,70,368.91,4.36,67,368.94,65.01,95.71%
117,THB 370.47 - THB 373.66,74,372.11,4.82,71,372.07,67.83,95.95%
118,THB 373.66 - THB 376.85,86,375.41,6.07,81,375.38,74.91,94.19%
119,THB 376.85 - THB 380.05,62,378.24,3.89,54,378.19,71.99,87.10%
120,THB 380.05 - THB 383.24,79,381.72,5.47,78,381.71,70.18,98.73%
121,THB 383.24 - THB 386.43,71,384.8,4.44,67,384.8,66.23,94.37%
122,THB 386.43 - THB 389.63,81,388.03,5.32,78,388.02,68.25,96.30%
123,THB 389.63 - THB 392.82,90,391.06,6.01,88,391.07,68.27,97.78%
124,THB 392.82 - THB 396.02,81,394.43,5.87,79,394.42,74.3,97.53%
125,THB 396.02 - THB 399.21,65,397.54,4.69,64,397.55,73.27,98.46%
126,THB 399.21 - THB 402.40,87,400.73,5.88,82,400.73,71.72,94.25%
127,THB 402.40 - THB 405.60,57,403.91,3.46,53,403.9,65.27,92.98%
128,THB 405.60 - THB 408.79,61,407.24,3.49,58,407.27,60.21,95.08%
129,THB 408.79 - THB 411.98,65,410.56,4.66,64,410.56,72.78,98.46%
130,THB 411.98 - THB 415.18,73,413.58,4.63,69,413.54,67.05,94.52%
131,THB 415.18 - THB 418.37,56,416.87,3.75,53,416.9,70.83,94.64%
132,THB 418.37 - THB 421.56,62,419.89,4.21,60,419.89,70.16,96.77%
133,THB 421.56 - THB 424.76,85,423.11,5.4,77,423.08,70.18,90.59%
134,THB 424.76 - THB 427.95,54,426.72,3.29,52,426.69,63.32,96.30%
135,THB 427.95 - THB 431.15,61,429.57,4.2,59,429.57,71.2,96.72%
136,THB 431.15 - THB 434.34,66,432.36,4.49,66,432.36,67.97,100.00%
137,THB 434.34 - THB 437.53,70,436.04,5.03,68,436.08,73.9,97.14%
138,THB 437.53 - THB 440.73,88,439.15,5.98,88,439.15,67.91,100.00%
139,THB 440.73 - THB 443.92,47,442.52,3.51,46,442.5,76.2,97.87%
140,THB 443.92 - THB 447.11,72,445.43,4.34,72,445.43,60.31,100.00%
141,THB 447.11 - THB 450.31,56,448.62,4.15,55,448.62,75.43,98.21%
142,THB 450.31 - THB 453.50,51,451.82,3.54,49,451.81,72.17,96.08%
143,THB 453.50 - THB 456.69,61,454.93,4.62,60,454.94,76.97,98.36%
144,THB 456.69 - THB 459.89,61,458.22,4.79,60,458.23,79.83,98.36%
145,THB 459.89 - THB 463.08,55,461.52,3.47,52,461.48,66.71,94.55%
146,THB 463.08 - THB 466.28,57,464.84,3.89,55,464.82,70.74,96.49%
147,THB 466.28 - THB 469.47,66,467.98,4.76,63,467.96,75.59,95.45%
148,THB 469.47 - THB 472.66,57,470.91,3.7,55,470.93,67.36,96.49%
149,THB 472.66 - THB 475.86,77,474.28,4.58,71,474.27,64.48,92.21%
150,THB 475.86 - THB 479.05,53,477.5,3.75,52,477.47,72.11,98.11%
151,THB 479.05 - THB 482.24,124,479.81,10.69,120,479.82,89.1,96.77%
152,THB 482.24 - THB 485.44,56,484.02,3.91,51,484,76.69,91.07%
153,THB 485.44 - THB 488.63,62,487.1,4.46,58,487.15,76.92,93.55%
154,THB 488.63 - THB 491.83,57,490.37,3.56,55,490.4,64.81,96.49%
155,THB 491.83 - THB 495.02,49,493.18,3.16,46,493.21,68.69,93.88%
156,THB 495.02 - THB 498.21,51,496.67,3.71,49,496.63,75.63,96.08%
157,THB 498.21 - THB 501.41,64,499.83,4.73,61,499.86,77.48,95.31%
158,THB 501.41 - THB 504.60,51,502.96,3.6,51,502.96,70.67,100.00%
159,THB 504.60 - THB 507.79,46,506.3,3.04,45,506.3,67.52,97.83%
160,THB 507.79 - THB 510.99,51,509.28,4.24,50,509.28,84.75,98.04%
161,THB 510.99 - THB 514.18,59,512.45,4.41,57,512.48,77.45,96.61%
162,THB 514.18 - THB 517.37,40,515.64,2.77,40,515.64,69.17,100.00%
163,THB 517.37 - THB 520.57,72,518.66,4.66,65,518.69,71.71,90.28%
164,THB 520.57 - THB 523.76,51,522.04,3.62,51,522.04,70.89,100.00%
165,THB 523.76 - THB 526.96,39,525.43,2.86,37,525.47,77.31,94.87%
166,THB 526.96 - THB 530.15,42,528.31,2.55,39,528.3,65.46,92.86%
167,THB 530.15 - THB 533.34,53,531.77,3.55,52,531.8,68.18,98.11%
168,THB 533.34 - THB 536.54,39,534.98,2.94,39,534.98,75.31,100.00%
169,THB 536.54 - THB 539.73,45,538.14,3.21,44,538.12,72.84,97.78%
170,THB 539.73 - THB 542.92,53,541.12,3.87,53,541.12,73.05,100.00%
171,THB 542.92 - THB 546.12,37,544.36,2.39,36,544.33,66.43,97.30%
172,THB 546.12 - THB 549.31,51,547.95,3.41,50,547.97,68.3,98.04%
173,THB 549.31 - THB 552.51,46,550.88,3.88,46,550.88,84.38,100.00%
174,THB 552.51 - THB 555.70,35,554.04,3.08,34,554.02,90.71,97.14%
175,THB 555.70 - THB 558.89,36,557.4,2.49,34,557.39,73.35,94.44%
176,THB 558.89 - THB 562.09,53,560.49,4.79,51,560.46,93.86,96.23%
177,THB 562.09 - THB 565.28,39,563.74,3.36,37,563.69,90.91,94.87%
178,THB 565.28 - THB 568.47,39,566.85,3.36,38,566.81,88.41,97.44%
179,THB 568.47 - THB 571.67,33,569.85,3.06,29,569.91,105.46,87.88%
180,THB 571.67 - THB 574.86,31,573.31,2.47,30,573.31,82.41,96.77%
181,THB 574.86 - THB 578.05,97,575.45,8.93,96,575.46,93,98.97%
182,THB 578.05 - THB 581.25,40,579.69,3.77,39,579.71,96.65,97.50%
183,THB 581.25 - THB 584.44,30,582.8,2.14,30,582.8,71.35,100.00%
184,THB 584.44 - THB 587.64,41,586.17,2.37,40,586.14,59.23,97.56%
185,THB 587.64 - THB 590.83,48,589.2,3.57,46,589.21,77.6,95.83%
186,THB 590.83 - THB 594.02,38,592.54,2.87,38,592.54,75.51,100.00%
187,THB 594.02 - THB 597.22,31,595.53,1.85,30,595.58,61.59,96.77%
188,THB 597.22 - THB 600.41,36,598.87,2.75,36,598.87,76.48,100.00%
189,THB 600.41 - THB 603.60,56,601.87,4.27,55,601.89,77.7,98.21%
190,THB 603.60 - THB 606.80,39,604.96,2.95,38,604.98,77.75,97.44%
191,THB 606.80 - THB 609.99,41,608.18,3.07,41,608.18,74.83,100.00%
192,THB 609.99 - THB 613.18,39,611.47,2.57,38,611.45,67.65,97.44%
193,THB 613.18 - THB 616.38,30,614.61,1.85,30,614.61,61.67,100.00%
194,THB 616.38 - THB 619.57,43,618.02,3.39,41,618.02,82.79,95.35%
195,THB 619.57 - THB 622.77,36,620.77,2.5,32,620.78,78.13,88.89%
196,THB 622.77 - THB 625.96,33,624.1,2.91,32,624.14,91.01,96.97%
197,THB 625.96 - THB 629.15,21,627.73,1.84,20,627.78,92.01,95.24%
198,THB 629.15 - THB 632.35,37,630.95,3.03,34,631.01,89.25,91.89%
199,THB 632.35 - THB 635.54,26,634.37,1.99,24,634.37,82.82,92.31%
200,THB 635.54 - THB 638.73,30,637.01,2.45,29,637.05,84.32,96.67%
201,THB 638.73 - THB 641.93,269,639,27.95,258,639.01,108.32,95.91%
202,THB 641.93 - THB 645.12,35,643.48,2.83,35,643.48,80.77,100.00%
203,THB 645.12 - THB 648.32,31,646.34,2.17,31,646.34,69.87,100.00%
204,THB 648.32 - THB 651.51,29,649.82,1.84,29,649.82,63.54,100.00%
205,THB 651.51 - THB 654.70,27,653,1.54,27,653,57.2,100.00%
206,THB 654.70 - THB 657.90,35,656.17,2.78,35,656.17,79.34,100.00%
207,THB 657.90 - THB 661.09,47,659.27,3.45,46,659.29,75.02,97.87%
208,THB 661.09 - THB 664.28,28,662.68,2.15,27,662.71,79.64,96.43%
209,THB 664.28 - THB 667.48,45,666.01,3.18,45,666.01,70.67,100.00%
210,THB 667.48 - THB 670.67,21,669.01,1.28,21,669.01,60.83,100.00%
211,THB 670.67 - THB 673.86,30,672.23,1.87,29,672.19,64.62,96.67%
212,THB 673.86 - THB 677.06,33,675.7,2.61,33,675.7,79.23,100.00%
213,THB 677.06 - THB 680.25,28,678.73,1.8,28,678.73,64.46,100.00%
214,THB 680.25 - THB 683.45,41,681.52,3.08,40,681.49,76.88,97.56%
215,THB 683.45 - THB 686.64,61,685.07,6.27,60,685.05,104.42,98.36%
216,THB 686.64 - THB 689.83,44,687.97,3.36,44,687.97,76.41,100.00%
217,THB 689.83 - THB 693.03,32,691.52,2.43,32,691.52,75.85,100.00%
218,THB 693.03 - THB 696.22,50,694.52,3.67,50,694.52,73.41,100.00%
219,THB 696.22 - THB 699.41,38,697.99,2.31,37,697.96,62.51,97.37%
220,THB 699.41 - THB 702.61,37,700.95,2.22,37,700.95,60.02,100.00%
221,THB 702.61 - THB 705.80,37,704.46,3.16,37,704.46,85.36,100.00%
222,THB 705.80 - THB 708.99,30,707.4,2.18,30,707.4,72.6,100.00%
223,THB 708.99 - THB 712.19,38,710.88,2.56,35,710.84,73.19,92.11%
224,THB 712.19 - THB 715.38,27,713.69,2.8,26,713.72,107.57,96.30%
225,THB 715.38 - THB 718.58,30,716.91,2.22,27,716.78,82.28,90.00%
226,THB 718.58 - THB 721.77,25,720.35,1.55,24,720.32,64.66,96.00%
227,THB 721.77 - THB 724.96,24,723.44,1.56,24,723.44,65.06,100.00%
228,THB 724.96 - THB 728.16,30,726.24,2.29,30,726.24,76.23,100.00%
229,THB 728.16 - THB 731.35,25,729.42,1.84,25,729.42,73.57,100.00%
230,THB 731.35 - THB 734.54,29,733.32,2.16,29,733.32,74.45,100.00%
231,THB 734.54 - THB 737.74,27,736.06,1.64,26,736.11,62.96,96.30%
232,THB 737.74 - THB 740.93,33,739.39,2.23,33,739.39,67.63,100.00%
233,THB 740.93 - THB 744.13,23,742.91,1.78,21,742.97,84.71,91.30%
234,THB 744.13 - THB 747.32,33,745.98,2.25,33,745.98,68.33,100.00%
235,THB 747.32 - THB 750.51,31,748.99,2.12,31,748.99,68.26,100.00%
236,THB 750.51 - THB 753.71,33,752,1.88,30,751.91,62.61,90.91%
237,THB 753.71 - THB 756.90,36,755.26,2.45,35,755.21,69.91,97.22%
238,THB 756.90 - THB 760.09,26,758.5,1.99,26,758.5,76.38,100.00%
239,THB 760.09 - THB 763.29,27,761.52,1.88,27,761.52,69.63,100.00%
240,THB 763.29 - THB 766.48,35,764.46,2.31,35,764.46,66.13,100.00%
241,THB 766.48 - THB 769.67,45,768.19,3.11,44,768.16,70.78,97.78%
242,THB 769.67 - THB 772.87,24,771.24,2.06,24,771.24,85.7,100.00%
243,THB 772.87 - THB 776.06,24,774.37,1.58,23,774.36,68.62,95.83%
244,THB 776.06 - THB 779.26,20,777.33,1.15,20,777.33,57.49,100.00%
245,THB 779.26 - THB 782.45,22,780.62,1.52,22,780.62,69.29,100.00%
246,THB 782.45 - THB 785.64,26,784.21,2.09,26,784.21,80.49,100.00%
247,THB 785.64 - THB 788.84,31,786.87,2.08,31,786.87,67.05,100.00%
248,THB 788.84 - THB 792.03,28,790.47,1.66,26,790.42,63.94,92.86%
249,THB 792.03 - THB 795.22,21,793.66,2.38,21,793.66,113.5,100.00%
250,THB 795.22 - THB 798.42,22,796.9,1.62,22,796.9,73.83,100.00%
251,THB 798.42 - THB 801.61,40,799.47,2.78,39,799.49,71.16,97.50%
252,THB 801.61 - THB 804.80,18,803.18,1.57,18,803.18,87.45,100.00%
253,THB 804.80 - THB 808.00,26,806.74,2.15,26,806.74,82.73,100.00%
254,THB 808.00 - THB 811.19,18,809.33,1.27,18,809.33,70.64,100.00%
255,THB 811.19 - THB 814.39,26,812.65,2.58,26,812.65,99.3,100.00%
256,THB 814.39 - THB 817.58,30,816.1,2.33,30,816.1,77.78,100.00%
257,THB 817.58 - THB 820.77,28,818.92,2.05,28,818.92,73.35,100.00%
258,THB 820.77 - THB 823.97,31,822.32,2.32,30,822.3,77.26,96.77%
259,THB 823.97 - THB 827.16,21,825.91,1.47,20,825.95,73.65,95.24%
260,THB 827.16 - THB 830.35,21,828.99,1.9,21,828.99,90.63,100.00%
261,THB 830.35 - THB 833.55,19,831.85,1.09,19,831.85,57.15,100.00%
262,THB 833.55 - THB 836.74,18,835.13,1.32,17,835.13,77.49,94.44%
263,THB 836.74 - THB 839.94,17,838.26,1.31,17,838.26,77.28,100.00%
264,THB 839.94 - THB 843.13,13,841.29,1.05,13,841.29,80.52,100.00%
265,THB 843.13 - THB 846.32,13,844.43,0.77,13,844.43,58.96,100.00%
266,THB 846.32 - THB 849.52,25,847.71,1.95,24,847.74,81.25,96.00%
267,THB 849.52 - THB 852.71,32,850.88,2.07,32,850.88,64.64,100.00%
268,THB 852.71 - THB 855.90,13,854.49,0.77,13,854.49,59.12,100.00%
269,THB 855.90 - THB 859.10,19,857.68,1.43,19,857.68,75.53,100.00%
270,THB 859.10 - THB 862.29,15,860.82,1.18,14,860.81,84.33,93.33%
271,THB 862.29 - THB 865.48,23,864.15,1.37,23,864.15,59.61,100.00%
272,THB 865.48 - THB 868.68,11,866.77,0.77,11,866.77,70.31,100.00%
273,THB 868.68 - THB 871.87,26,870.16,1.48,26,870.16,56.76,100.00%
274,THB 871.87 - THB 875.07,21,873.38,1.69,20,873.33,84.49,95.24%
275,THB 875.07 - THB 878.26,22,876.93,1.89,22,876.93,85.77,100.00%
276,THB 878.26 - THB 881.45,15,879.81,0.9,15,879.81,59.95,100.00%
277,THB 881.45 - THB 884.65,21,883.04,1.53,20,883.01,76.35,95.24%
278,THB 884.65 - THB 887.84,20,886.34,1.32,20,886.34,65.91,100.00%
279,THB 887.84 - THB 891.03,14,889.51,1.21,13,889.53,93.41,92.86%
280,THB 891.03 - THB 894.23,16,892.79,1.46,15,892.72,97.24,93.75%
281,THB 894.23 - THB 897.42,14,895.78,1.53,14,895.78,109.5,100.00%
282,THB 897.42 - THB 900.62,14,898.89,0.78,14,898.89,55.77,100.00%
283,THB 900.62 - THB 903.81,16,902.07,1.42,16,902.07,89.04,100.00%
284,THB 903.81 - THB 907.00,16,905.08,1.52,16,905.08,95.06,100.00%
285,THB 907.00 - THB 910.20,11,908.77,0.7,11,908.77,63.87,100.00%
286,THB 910.20 - THB 913.39,18,912.14,1.48,18,912.14,82.2,100.00%
287,THB 913.39 - THB 916.58,90,914.96,7.78,88,914.95,88.38,97.78%
288,THB 916.58 - THB 919.78,15,918.15,1.36,15,918.15,90.75,100.00%
289,THB 919.78 - THB 922.97,20,921.59,1.18,20,921.59,58.9,100.00%
290,THB 922.97 - THB 926.16,22,924.71,1.63,22,924.71,74.17,100.00%
291,THB 926.16 - THB 929.36,25,927.99,1.95,25,927.99,78.13,100.00%
292,THB 929.36 - THB 932.55,11,931.19,0.73,10,931.34,73.34,90.91%
293,THB 932.55 - THB 935.75,18,933.81,1.16,17,933.73,68.2,94.44%
294,THB 935.75 - THB 938.94,14,937.55,1.1,14,937.55,78.56,100.00%
295,THB 938.94 - THB 942.13,18,940.31,1.81,18,940.31,100.65,100.00%
296,THB 942.13 - THB 945.33,18,944.03,2.03,18,944.03,112.62,100.00%
297,THB 945.33 - THB 948.52,24,946.4,1.54,23,946.32,66.92,95.83%
298,THB 948.52 - THB 951.71,16,949.63,0.94,16,949.63,58.81,100.00%
299,THB 951.71 - THB 954.91,23,953.41,1.57,22,953.36,71.32,95.65%
300,THB 954.91 - THB 958.10,12,956.69,1.41,12,956.69,117.42,100.00%
301,THB 958.10 - THB 961.29,18,959.43,1.09,18,959.43,60.77,100.00%
302,THB 961.29 - THB 964.49,15,962.7,1.78,15,962.7,118.79,100.00%
303,THB 964.49 - THB 967.68,11,966.02,0.79,11,966.02,71.6,100.00%
304,THB 967.68 - THB 970.88,13,969,0.83,13,969,63.87,100.00%
305,THB 970.88 - THB 974.07,10,972.32,0.98,10,972.32,98.39,100.00%
306,THB 974.07 - THB 977.26,7,975.65,0.32,6,975.75,53.23,85.71%
307,THB 977.26 - THB 980.46,10,978.9,0.62,10,978.9,62.24,100.00%
308,THB 980.46 - THB 983.65,15,982.1,1.25,15,982.1,83.01,100.00%
309,THB 983.65 - THB 986.84,19,985.5,1.19,19,985.5,62.88,100.00%
310,THB 986.84 - THB 990.04,15,988.79,1.14,15,988.79,75.71,100.00%
311,THB 990.04 - THB 993.23,12,991.33,0.7,12,991.33,58.55,100.00%
312,THB 993.23 - THB 996.43,11,994.76,1.16,11,994.76,105.57,100.00%
313,THB 996.43 - THB 999.62,15,997.48,0.96,15,997.48,63.87,100.00%
314,"THB 999.62 - THB 1,002.81",9,"1,000.93",0.51,9,"1,000.93",56.82,100.00%
315,"THB 1,002.81 - THB 1,006.01",14,"1,004.40",1.21,14,"1,004.40",86.63,100.00%
316,"THB 1,006.01 - THB 1,009.20",14,"1,007.76",1,14,"1,007.76",71.76,100.00%
317,"THB 1,009.20 - THB 1,012.39",9,"1,010.89",0.69,9,"1,010.89",76.9,100.00%
318,"THB 1,012.39 - THB 1,015.59",9,"1,014.32",0.58,9,"1,014.32",64.29,100.00%
319,"THB 1,015.59 - THB 1,018.78",15,"1,017.42",1.17,15,"1,017.42",78,100.00%
320,"THB 1,018.78 - THB 1,021.97",10,"1,020.24",0.91,10,"1,020.24",91.28,100.00%
321,"THB 1,021.97 - THB 1,025.17",10,"1,023.25",0.64,10,"1,023.25",63.87,100.00%
322,"THB 1,025.17 - THB 1,028.36",16,"1,026.99",1.46,16,"1,026.99",91.05,100.00%
323,"THB 1,028.36 - THB 1,031.56",13,"1,030.23",0.7,13,"1,030.23",54.05,100.00%
324,"THB 1,031.56 - THB 1,034.75",21,"1,033.08",1.44,21,"1,033.08",68.4,100.00%
325,"THB 1,034.75 - THB 1,037.94",12,"1,036.36",1.28,12,"1,036.36",106.58,100.00%
326,"THB 1,037.94 - THB 1,041.14",15,"1,039.14",2,15,"1,039.14",133.36,100.00%
327,"THB 1,041.14 - THB 1,044.33",4,"1,043.32",0.2,4,"1,043.32",50.4,100.00%
328,"THB 1,044.33 - THB 1,047.52",8,"1,046.51",0.52,8,"1,046.51",64.9,100.00%
329,"THB 1,047.52 - THB 1,050.72",13,"1,049.22",0.83,13,"1,049.22",63.68,100.00%
330,"THB 1,050.72 - THB 1,053.91",5,"1,052.15",0.69,5,"1,052.15",138.22,100.00%
331,"THB 1,053.91 - THB 1,057.10",7,"1,055.69",0.81,7,"1,055.69",115.52,100.00%
332,"THB 1,057.10 - THB 1,060.30",9,"1,058.85",0.83,8,"1,058.68",104.18,88.89%
333,"THB 1,060.30 - THB 1,063.49",7,"1,062.04",0.49,7,"1,062.04",69.68,100.00%
334,"THB 1,063.49 - THB 1,066.69",4,"1,065.91",0.67,4,"1,065.91",166.33,100.00%
335,"THB 1,066.69 - THB 1,069.88",3,"1,069.21",0.26,3,"1,069.21",85.68,100.00%
336,"THB 1,069.88 - THB 1,073.07",7,"1,071.59",0.47,7,"1,071.59",66.68,100.00%
337,"THB 1,073.07 - THB 1,076.27",3,"1,074.69",0.35,3,"1,074.69",117.12,100.00%
338,"THB 1,076.27 - THB 1,079.46",11,"1,077.70",0.65,11,"1,077.70",58.83,100.00%
339,"THB 1,079.46 - THB 1,082.65",12,"1,080.95",1.05,12,"1,080.95",87.35,100.00%
340,"THB 1,082.65 - THB 1,085.85",10,"1,084.01",1.02,10,"1,084.01",102.02,100.00%
341,"THB 1,085.85 - THB 1,089.04",19,"1,087.06",1.62,18,"1,087.02",90,94.74%
342,"THB 1,089.04 - THB 1,092.24",15,"1,090.77",1.41,15,"1,090.77",94.02,100.00%
343,"THB 1,092.24 - THB 1,095.43",7,"1,094.28",0.43,7,"1,094.28",61.46,100.00%
344,"THB 1,095.43 - THB 1,098.62",14,"1,096.74",0.83,13,"1,096.82",63.87,92.86%
345,"THB 1,098.62 - THB 1,101.82",9,"1,100.56",0.45,9,"1,100.56",49.68,100.00%
346,"THB 1,101.82 - THB 1,105.01",7,"1,103.08",0.72,7,"1,103.08",102.67,100.00%
347,"THB 1,105.01 - THB 1,108.20",9,"1,106.35",0.45,7,"1,106.05",63.87,77.78%
348,"THB 1,108.20 - THB 1,111.40",13,"1,109.85",1.64,13,"1,109.85",126.04,100.00%
349,"THB 1,111.40 - THB 1,114.59",7,"1,112.82",0.32,6,"1,113.05",53.23,85.71%
350,"THB 1,114.59 - THB 1,117.78",8,"1,116.30",0.69,7,"1,116.23",98.64,87.50%
351,"THB 1,117.78 - THB 1,120.98",8,"1,119.15",1.46,8,"1,119.15",182.83,100.00%
352,"THB 1,120.98 - THB 1,124.17",3,"1,122.87",0.13,3,"1,122.87",42.58,100.00%
353,"THB 1,124.17 - THB 1,127.37",8,"1,125.62",0.51,8,"1,125.62",63.87,100.00%
354,"THB 1,127.37 - THB 1,130.56",7,"1,128.57",0.38,7,"1,128.57",54.75,100.00%
355,"THB 1,130.56 - THB 1,133.75",13,"1,131.74",1.23,13,"1,131.74",94.24,100.00%
356,"THB 1,133.75 - THB 1,136.95",9,"1,135.68",0.8,9,"1,135.68",88.98,100.00%
357,"THB 1,136.95 - THB 1,140.14",8,"1,138.78",0.52,8,"1,138.78",64.98,100.00%
358,"THB 1,140.14 - THB 1,143.33",5,"1,142.16",0.34,5,"1,142.16",68.22,100.00%
359,"THB 1,143.33 - THB 1,146.53",9,"1,144.61",0.62,9,"1,144.61",69.35,100.00%
360,"THB 1,146.53 - THB 1,149.72",7,"1,148.56",0.75,7,"1,148.56",106.64,100.00%
361,"THB 1,149.72 - THB 1,152.92",4,"1,150.32",0.34,4,"1,150.32",86,100.00%
362,"THB 1,152.92 - THB 1,156.11",5,"1,154.15",0.32,5,"1,154.15",63.87,100.00%
363,"THB 1,156.11 - THB 1,159.30",6,"1,157.72",0.38,6,"1,157.72",63.87,100.00%
364,"THB 1,159.30 - THB 1,162.50",4,"1,160.57",0.71,4,"1,160.57",177.5,100.00%
365,"THB 1,162.50 - THB 1,165.69",8,"1,164.20",0.73,8,"1,164.20",90.73,100.00%
366,"THB 1,165.69 - THB 1,168.88",7,"1,167.17",0.85,7,"1,167.17",121.8,100.00%
367,"THB 1,168.88 - THB 1,172.08",9,"1,170.38",1.12,9,"1,170.38",124.68,100.00%
368,"THB 1,172.08 - THB 1,175.27",8,"1,173.53",1.08,8,"1,173.53",135.61,100.00%
369,"THB 1,175.27 - THB 1,178.46",7,"1,176.99",0.49,7,"1,176.99",70.33,100.00%
370,"THB 1,178.46 - THB 1,181.66",2,"1,179.52",0.13,2,"1,179.52",63.87,100.00%
371,"THB 1,181.66 - THB 1,184.85",26,"1,182.19",3.61,25,"1,182.21",144.37,96.15%
372,"THB 1,184.85 - THB 1,188.05",9,"1,186.32",0.79,9,"1,186.32",87.91,100.00%
373,"THB 1,188.05 - THB 1,191.24",5,"1,189.87",0.61,5,"1,189.87",121.31,100.00%
374,"THB 1,191.24 - THB 1,194.43",9,"1,192.52",0.65,9,"1,192.52",72.41,100.00%
375,"THB 1,194.43 - THB 1,197.63",12,"1,196.17",1.67,12,"1,196.17",139.15,100.00%
376,"THB 1,197.63 - THB 1,200.82",8,"1,199.08",0.59,8,"1,199.08",73.36,100.00%
377,"THB 1,200.82 - THB 1,204.01",5,"1,202.42",0.32,5,"1,202.42",64.23,100.00%
378,"THB 1,204.01 - THB 1,207.21",7,"1,205.75",0.96,7,"1,205.75",137.67,100.00%
379,"THB 1,207.21 - THB 1,210.40",9,"1,208.88",0.57,9,"1,208.88",63.87,100.00%
380,"THB 1,210.40 - THB 1,213.59",8,"1,211.88",0.83,8,"1,211.88",104.21,100.00%
381,"THB 1,213.59 - THB 1,216.79",5,"1,215.88",0.46,5,"1,215.88",91.98,100.00%
382,"THB 1,216.79 - THB 1,219.98",6,"1,218.53",0.38,6,"1,218.53",63.87,100.00%
383,"THB 1,219.98 - THB 1,223.18",4,"1,221.95",0.19,4,"1,221.95",47.91,100.00%
384,"THB 1,223.18 - THB 1,226.37",7,"1,224.84",0.66,7,"1,224.84",93.61,100.00%
385,"THB 1,226.37 - THB 1,229.56",6,"1,227.10",1.07,6,"1,227.10",177.59,100.00%
386,"THB 1,229.56 - THB 1,232.76",7,"1,231.18",0.78,7,"1,231.18",111.36,100.00%
387,"THB 1,232.76 - THB 1,235.95",7,"1,234.33",0.54,7,"1,234.33",76.79,100.00%
388,"THB 1,235.95 - THB 1,239.14",7,"1,237.06",0.45,7,"1,237.06",63.87,100.00%
389,"THB 1,239.14 - THB 1,242.34",8,"1,240.72",0.66,8,"1,240.72",81.95,100.00%
390,"THB 1,242.34 - THB 1,245.53",9,"1,244.07",1.05,9,"1,244.07",116.28,100.00%
391,"THB 1,245.53 - THB 1,248.73",5,"1,246.13",0.32,5,"1,246.13",63.87,100.00%
392,"THB 1,248.73 - THB 1,251.92",4,"1,249.91",0.35,4,"1,249.91",86.6,100.00%
393,"THB 1,251.92 - THB 1,255.11",6,"1,253.57",0.38,6,"1,253.57",63.87,100.00%
394,"THB 1,255.11 - THB 1,258.31",5,"1,257.00",0.32,5,"1,257.00",63.87,100.00%
395,"THB 1,258.31 - THB 1,261.50",4,"1,258.84",0.26,4,"1,258.84",63.87,100.00%
396,"THB 1,261.50 - THB 1,264.69",9,"1,263.15",0.51,9,"1,263.15",56.78,100.00%
397,"THB 1,264.69 - THB 1,267.89",10,"1,266.79",1,10,"1,266.79",100.43,100.00%
398,"THB 1,267.89 - THB 1,271.08",7,"1,269.18",1.1,7,"1,269.18",157.61,100.00%
399,"THB 1,271.08 - THB 1,274.27",3,"1,272.45",0.75,3,"1,272.45",249.28,100.00%
400,"THB 1,274.27 - THB 1,277.47",4,"1,275.69",0.57,4,"1,275.69",143.63,100.00%
401,"THB 1,277.47 - THB 1,280.66",2,"1,277.48",1.09,2,"1,277.48",542.92,100.00%
402,"THB 1,280.66 - THB 1,283.86",3,"1,282.06",0.51,3,"1,282.06",171.27,100.00%
403,"THB 1,283.86 - THB 1,287.05",2,"1,284.21",0.13,2,"1,284.21",63.87,100.00%
404,"THB 1,287.05 - THB 1,290.24",3,"1,288.98",0.21,3,"1,288.98",71.11,100.00%
405,"THB 1,290.24 - THB 1,293.44",5,"1,292.43",0.29,5,"1,292.43",57.08,100.00%
406,"THB 1,293.44 - THB 1,296.63",6,"1,294.70",0.38,6,"1,294.70",63.87,100.00%
407,"THB 1,296.63 - THB 1,299.82",7,"1,298.72",0.82,7,"1,298.72",117.8,100.00%
408,"THB 1,299.82 - THB 1,303.02",2,"1,300.67",0.2,2,"1,300.67",100.89,100.00%
409,"THB 1,303.02 - THB 1,306.21",1,"1,304.04",0.06,1,"1,304.04",63.87,100.00%
410,"THB 1,306.21 - THB 1,309.40",7,"1,308.02",1.1,7,"1,308.02",157.1,100.00%
411,"THB 1,309.40 - THB 1,312.60",7,"1,311.32",0.64,7,"1,311.32",91.41,100.00%
412,"THB 1,312.60 - THB 1,315.79",2,"1,314.13",0.13,2,"1,314.13",63.87,100.00%
413,"THB 1,315.79 - THB 1,318.99",6,"1,317.75",0.32,6,"1,317.75",53.27,100.00%
414,"THB 1,318.99 - THB 1,322.18",10,"1,320.33",1.25,10,"1,320.33",124.86,100.00%
415,"THB 1,322.18 - THB 1,325.37",5,"1,324.20",0.85,5,"1,324.20",169.24,100.00%
416,"THB 1,325.37 - THB 1,328.57",3,"1,327.40",0.19,3,"1,327.40",63.87,100.00%
417,"THB 1,328.57 - THB 1,331.76",7,"1,330.26",0.45,7,"1,330.26",63.87,100.00%
418,"THB 1,331.76 - THB 1,334.95",2,"1,332.59",0.13,2,"1,332.59",63.87,100.00%
419,"THB 1,334.95 - THB 1,338.15",4,"1,337.05",0.56,4,"1,337.05",140.71,100.00%
420,"THB 1,338.15 - THB 1,341.34",4,"1,339.46",0.8,4,"1,339.46",199.09,100.00%
421,"THB 1,341.34 - THB 1,344.54",2,"1,344.01",0.13,2,"1,344.01",63.87,100.00%
422,"THB 1,344.54 - THB 1,347.73",3,"1,346.95",0.66,3,"1,346.95",218.7,100.00%
423,"THB 1,347.73 - THB 1,350.92",6,"1,348.71",0.43,6,"1,348.71",72.05,100.00%
424,"THB 1,350.92 - THB 1,354.12",4,"1,352.48",0.26,4,"1,352.48",63.87,100.00%
425,"THB 1,354.12 - THB 1,357.31",4,"1,355.63",0.19,4,"1,355.63",47.91,100.00%
426,"THB 1,357.31 - THB 1,360.50",5,"1,358.21",1.76,5,"1,358.21",351.46,100.00%
427,"THB 1,360.50 - THB 1,363.70",2,"1,362.72",0.13,2,"1,362.72",63.87,100.00%
428,"THB 1,363.70 - THB 1,366.89",2,"1,365.10",0.13,2,"1,365.10",63.87,100.00%
429,"THB 1,366.89 - THB 1,370.08",6,"1,368.52",0.97,6,"1,368.52",162.09,100.00%
430,"THB 1,370.08 - THB 1,373.28",5,"1,371.03",0.26,5,"1,371.03",51.15,100.00%
431,"THB 1,373.28 - THB 1,376.47",2,"1,375.47",0.13,2,"1,375.47",63.87,100.00%
432,"THB 1,376.47 - THB 1,379.67",4,"1,378.11",0.55,4,"1,378.11",138.74,100.00%
433,"THB 1,379.67 - THB 1,382.86",5,"1,381.96",0.26,5,"1,381.96",51.1,100.00%
434,"THB 1,382.86 - THB 1,386.05",4,"1,384.94",0.19,4,"1,384.94",47.91,100.00%
435,"THB 1,386.05 - THB 1,389.25",8,"1,388.07",1.04,8,"1,388.07",130.48,100.00%
436,"THB 1,389.25 - THB 1,392.44",7,"1,390.43",0.64,7,"1,390.43",91.21,100.00%
437,"THB 1,392.44 - THB 1,395.63",2,"1,393.24",0.13,2,"1,393.24",63.87,100.00%
438,"THB 1,395.63 - THB 1,398.83",5,"1,396.85",0.26,5,"1,396.85",51.1,100.00%
439,"THB 1,398.83 - THB 1,402.02",6,"1,400.86",0.32,6,"1,400.86",53.23,100.00%
440,"THB 1,402.02 - THB 1,405.22",3,"1,403.47",0.46,3,"1,403.47",153.49,100.00%
441,"THB 1,405.22 - THB 1,408.41",1,"1,408.03",0.06,1,"1,408.03",63.87,100.00%
442,"THB 1,408.41 - THB 1,411.60",1,"1,409.49",0.06,1,"1,409.49",63.87,100.00%
443,"THB 1,411.60 - THB 1,414.80",5,"1,413.03",0.32,5,"1,413.03",63.87,100.00%
444,"THB 1,414.80 - THB 1,417.99",2,"1,415.79",0.13,2,"1,415.79",63.87,100.00%
445,"THB 1,417.99 - THB 1,421.18",1,"1,419.39",0.06,1,"1,419.39",63.87,100.00%
446,"THB 1,421.18 - THB 1,424.38",4,"1,423.91",0.26,4,"1,423.91",63.87,100.00%
447,"THB 1,424.38 - THB 1,427.57",6,"1,426.12",0.26,6,"1,426.12",42.58,100.00%
448,"THB 1,427.57 - THB 1,430.76",3,"1,428.31",0.19,3,"1,428.31",63.87,100.00%
449,"THB 1,430.76 - THB 1,433.96",2,"1,432.41",0.13,2,"1,432.41",63.87,100.00%
450,"THB 1,433.96 - THB 1,437.15",2,"1,434.85",0.13,2,"1,434.85",63.87,100.00%
451,"THB 1,437.15 - THB 1,440.35",6,"1,438.53",0.32,6,"1,438.53",53.23,100.00%
452,"THB 1,440.35 - THB 1,443.54",2,"1,442.07",0.13,2,"1,442.07",63.87,100.00%
453,"THB 1,443.54 - THB 1,446.73",1,"1,445.52",0.06,1,"1,445.52",63.87,100.00%
454,"THB 1,446.73 - THB 1,449.93",4,"1,449.03",0.53,4,"1,449.03",132.07,100.00%
455,"THB 1,449.93 - THB 1,453.12",1,"1,452.99",0.06,1,"1,452.99",63.87,100.00%
456,"THB 1,453.12 - THB 1,456.31",2,"1,454.00",0.14,2,"1,454.00",68.86,100.00%
457,"THB 1,456.31 - THB 1,459.51",2,"1,457.08",0.13,2,"1,457.08",63.87,100.00%
458,"THB 1,459.51 - THB 1,462.70",4,"1,461.15",0.19,4,"1,461.15",47.91,100.00%
459,"THB 1,462.70 - THB 1,465.89",1,"1,465.00",0.4,1,"1,465.00",402.91,100.00%
460,"THB 1,465.89 - THB 1,469.09",2,"1,467.46",0.67,2,"1,467.46",333.23,100.00%
461,"THB 1,469.09 - THB 1,472.28",2,"1,470.96",0.13,2,"1,470.96",63.87,100.00%
462,"THB 1,472.28 - THB 1,475.48",3,"1,473.95",0.19,3,"1,473.95",63.87,100.00%
463,"THB 1,475.48 - THB 1,478.67",4,"1,477.29",0.72,4,"1,477.29",179.23,100.00%
464,"THB 1,478.67 - THB 1,481.86",5,"1,480.94",0.33,5,"1,480.94",66.79,100.00%
465,"THB 1,481.86 - THB 1,485.06",5,"1,482.82",0.26,5,"1,482.82",51.1,100.00%
466,"THB 1,485.06 - THB 1,488.25",4,"1,486.29",0.3,4,"1,486.29",75.5,100.00%
467,"THB 1,491.44 - THB 1,494.64",5,"1,493.14",0.26,5,"1,493.14",51.1,100.00%
468,"THB 1,494.64 - THB 1,497.83",7,"1,495.63",0.49,7,"1,495.63",70.33,100.00%
469,"THB 1,497.83 - THB 1,501.03",3,"1,499.30",0.19,3,"1,499.30",63.87,100.00%
470,"THB 1,504.22 - THB 1,507.41",2,"1,505.62",0.13,2,"1,505.62",63.87,100.00%
471,"THB 1,507.41 - THB 1,510.61",2,"1,507.96",0.64,2,"1,507.96",321.41,100.00%
472,"THB 1,510.61 - THB 1,513.80",3,"1,511.68",0.64,3,"1,511.68",212.91,100.00%
473,"THB 1,513.80 - THB 1,516.99",8,"1,515.69",0.38,8,"1,515.69",47.91,100.00%
474,"THB 1,516.99 - THB 1,520.19",3,"1,519.42",0.19,3,"1,519.42",63.87,100.00%
475,"THB 1,520.19 - THB 1,523.38",4,"1,521.98",0.61,4,"1,521.98",152.98,100.00%
476,"THB 1,523.38 - THB 1,526.57",12,"1,524.28",1.38,12,"1,524.28",115.21,100.00%
477,"THB 1,526.57 - THB 1,529.77",5,"1,527.35",0.61,5,"1,527.35",121.4,100.00%
478,"THB 1,529.77 - THB 1,532.96",1,"1,530.63",0.06,1,"1,530.63",63.87,100.00%
479,"THB 1,532.96 - THB 1,536.16",5,"1,534.39",0.26,5,"1,534.39",51.1,100.00%
480,"THB 1,536.16 - THB 1,539.35",11,"1,537.77",0.75,11,"1,537.77",68.35,100.00%
481,"THB 1,539.35 - THB 1,542.54",5,"1,541.29",0.26,5,"1,541.29",51.1,100.00%
482,"THB 1,545.74 - THB 1,548.93",1,"1,546.73",0.06,1,"1,546.73",63.87,100.00%
483,"THB 1,548.93 - THB 1,552.12",3,"1,550.10",0.19,3,"1,550.10",63.87,100.00%
484,"THB 1,552.12 - THB 1,555.32",4,"1,553.40",0.26,4,"1,553.40",63.87,100.00%
485,"THB 1,555.32 - THB 1,558.51",5,"1,557.41",0.87,5,"1,557.41",174.32,100.00%
486,"THB 1,558.51 - THB 1,561.70",5,"1,559.35",0.53,5,"1,559.35",105.31,100.00%
487,"THB 1,561.70 - THB 1,564.90",5,"1,563.05",0.63,5,"1,563.05",125.7,100.00%
488,"THB 1,564.90 - THB 1,568.09",1,"1,566.37",0.06,1,"1,566.37",63.87,100.00%
489,"THB 1,568.09 - THB 1,571.29",4,"1,569.94",0.26,4,"1,569.94",63.87,100.00%
490,"THB 1,571.29 - THB 1,574.48",3,"1,572.54",0.19,3,"1,572.54",63.87,100.00%
491,"THB 1,574.48 - THB 1,577.67",5,"1,576.29",0.32,5,"1,576.29",63.87,100.00%
492,"THB 1,577.67 - THB 1,580.87",3,"1,579.38",0.19,3,"1,579.38",63.87,100.00%
493,"THB 1,580.87 - THB 1,584.06",1,"1,581.92",0.06,1,"1,581.92",63.87,100.00%
494,"THB 1,584.06 - THB 1,587.25",18,"1,585.11",2.6,18,"1,585.11",144.25,100.00%
495,"THB 1,587.25 - THB 1,590.45",2,"1,589.33",0.63,2,"1,589.33",314.82,100.00%
496,"THB 1,590.45 - THB 1,593.64",8,"1,592.22",0.51,8,"1,592.22",63.87,100.00%
497,"THB 1,593.64 - THB 1,596.84",2,"1,595.38",0.13,2,"1,595.38",63.87,100.00%
498,"THB 1,596.84 - THB 1,600.03","3,246","2,551.95",373.19,"3,244","2,552.44",115.04,99.94%