Bid ranges (gross),Bids,Average bid CPM (gross) (THB),Estimated earnings from bids (THB),Impressions won,Winning bid CPM (gross) (THB),Close CPM (THB),Win %
THB 0.00 - THB 3.18,6485470.00,1.52,0.00,0.00,0.00,0.00,0.00
THB 3.18 - THB 6.37,5418851.00,4.58,0.00,0.00,0.00,0.00,0.00
THB 6.37 - THB 9.55,4279173.00,7.88,0.00,0.00,0.00,0.00,0.00
THB 9.55 - THB 12.74,3613406.00,11.11,0.00,0.00,0.00,0.00,0.00
THB 12.74 - THB 15.92,2746679.00,14.13,0.00,0.00,0.00,0.00,0.00
THB 15.92 - THB 19.11,1158400.00,17.42,0.00,0.00,0.00,0.00,0.00
THB 19.11 - THB 22.29,735129.00,20.73,0.00,0.00,0.00,0.00,0.00
THB 22.29 - THB 25.47,357741.00,23.82,0.00,0.00,0.00,0.00,0.00
THB 25.47 - THB 28.66,264836.00,27.05,0.00,0.00,0.00,0.00,0.00
THB 28.66 - THB 31.84,408888.00,30.10,0.00,0.00,0.00,0.00,0.00
THB 31.84 - THB 35.03,202306.00,33.65,0.00,0.00,0.00,0.00,0.00
THB 35.03 - THB 38.21,132564.00,36.64,0.00,0.00,0.00,0.00,0.00
THB 38.21 - THB 41.40,128321.00,39.84,0.00,0.00,0.00,0.00,0.00
THB 41.40 - THB 44.58,140011.00,42.94,0.00,0.00,0.00,0.00,0.00
THB 44.58 - THB 47.76,113064.00,46.28,0.00,0.00,0.00,0.00,0.00
THB 47.76 - THB 50.95,94751.00,49.38,0.00,0.00,0.00,0.00,0.00
THB 50.95 - THB 54.13,96960.00,52.55,0.00,0.00,0.00,0.00,0.00
THB 54.13 - THB 57.32,94607.00,55.76,0.00,0.00,0.00,0.00,0.00
THB 57.32 - THB 60.50,126345.00,58.97,18.17,316.00,60.01,57.50,0.00
THB 60.50 - THB 63.69,51173.00,62.09,15.32,270.00,61.93,56.72,0.01
THB 63.69 - THB 66.87,38041.00,65.30,994.75,16648.00,65.44,59.75,0.44
THB 66.87 - THB 70.05,43364.00,68.54,844.68,14069.00,68.63,60.04,0.32
THB 70.05 - THB 73.24,44843.00,71.61,889.22,14865.00,71.50,59.82,0.33
THB 73.24 - THB 76.42,23874.00,74.74,579.91,9881.00,75.11,58.69,0.41
THB 76.42 - THB 79.61,21817.00,78.12,826.03,14299.00,78.29,57.77,0.66
THB 79.61 - THB 82.79,79429.00,80.18,4496.21,75581.00,80.18,59.49,0.95
THB 82.79 - THB 85.98,13775.00,84.55,703.79,12599.00,84.54,55.86,0.91
THB 85.98 - THB 89.16,12344.00,87.65,630.61,11530.00,87.65,54.69,0.93
THB 89.16 - THB 92.34,11845.00,90.83,593.10,11068.00,90.84,53.59,0.93
THB 92.34 - THB 95.53,10737.00,94.02,524.85,10061.00,94.02,52.17,0.94
THB 95.53 - THB 98.71,13679.00,96.90,682.95,12651.00,96.91,53.98,0.92
THB 98.71 - THB 101.90,14326.00,100.25,711.84,13292.00,100.25,53.55,0.93
THB 101.90 - THB 105.08,9569.00,103.57,462.59,9020.00,103.57,51.29,0.94
THB 105.08 - THB 108.27,9812.00,106.74,476.63,9050.00,106.78,52.67,0.92
THB 108.27 - THB 111.45,8241.00,109.95,401.48,7710.00,109.95,52.07,0.94
THB 111.45 - THB 114.63,7648.00,113.15,370.34,7193.00,113.14,51.49,0.94
THB 114.63 - THB 117.82,7016.00,116.31,322.48,6524.00,116.31,49.43,0.93
THB 117.82 - THB 121.00,7915.00,119.62,363.37,7420.00,119.61,48.97,0.94
THB 121.00 - THB 124.19,6800.00,122.62,321.30,6402.00,122.62,50.19,0.94
THB 124.19 - THB 127.37,6222.00,125.87,285.86,5768.00,125.87,49.56,0.93
THB 127.37 - THB 130.55,10725.00,128.46,373.77,10305.00,128.44,36.27,0.96
THB 130.55 - THB 133.74,4735.00,132.29,231.80,4431.00,132.29,52.31,0.94
THB 133.74 - THB 136.92,4287.00,135.41,214.55,3970.00,135.40,54.04,0.93
THB 136.92 - THB 140.11,4471.00,138.92,233.99,4172.00,138.93,56.09,0.93
THB 140.11 - THB 143.29,3273.00,141.81,175.93,3044.00,141.82,57.80,0.93
THB 143.29 - THB 146.48,6425.00,145.63,355.72,6118.00,145.65,58.14,0.95
THB 146.48 - THB 149.66,6040.00,147.70,336.49,5845.00,147.69,57.57,0.97
THB 149.66 - THB 152.84,2358.00,151.40,123.15,2151.00,151.40,57.25,0.91
THB 152.84 - THB 156.03,2105.00,154.62,113.15,1955.00,154.61,57.88,0.93
THB 156.03 - THB 159.21,2041.00,157.78,110.66,1886.00,157.80,58.68,0.92
THB 159.21 - THB 162.40,14825.00,159.51,827.21,14413.00,159.50,57.39,0.97
THB 162.40 - THB 165.58,1973.00,164.24,105.60,1803.00,164.24,58.57,0.91
THB 165.58 - THB 168.77,1799.00,167.39,97.43,1662.00,167.39,58.62,0.92
THB 168.77 - THB 171.95,1667.00,170.57,87.86,1550.00,170.57,56.68,0.93
THB 171.95 - THB 175.13,1647.00,173.70,84.88,1531.00,173.70,55.44,0.93
THB 175.13 - THB 178.32,1617.00,176.90,84.90,1512.00,176.91,56.15,0.94
THB 178.32 - THB 181.50,23241.00,180.02,704.66,22246.00,180.02,31.68,0.96
THB 181.50 - THB 184.69,1688.00,183.29,88.47,1574.00,183.30,56.21,0.93
THB 184.69 - THB 187.87,1615.00,186.47,84.50,1517.00,186.47,55.70,0.94
THB 187.87 - THB 191.06,2107.00,189.61,100.82,1972.00,189.60,51.13,0.94
THB 191.06 - THB 194.24,26346.00,191.40,678.40,25529.00,191.40,26.57,0.97
THB 194.24 - THB 197.42,1431.00,196.04,73.44,1336.00,196.02,54.97,0.93
THB 197.42 - THB 200.61,2086.00,199.46,90.76,1921.00,199.45,47.25,0.92
THB 200.61 - THB 203.79,1324.00,202.47,70.24,1231.00,202.47,57.06,0.93
THB 203.79 - THB 206.98,1307.00,205.47,68.42,1225.00,205.47,55.85,0.94
THB 206.98 - THB 210.16,1417.00,208.91,78.15,1356.00,208.92,57.63,0.96
THB 210.16 - THB 213.35,1409.00,212.14,73.66,1310.00,212.15,56.23,0.93
THB 213.35 - THB 216.53,1093.00,215.10,59.10,1011.00,215.09,58.45,0.93
THB 216.53 - THB 219.71,4923.00,219.45,212.27,4750.00,219.47,44.69,0.96
THB 219.71 - THB 222.90,5132.00,220.40,209.31,4948.00,220.38,42.30,0.96
THB 222.90 - THB 226.08,6101.00,223.62,358.00,5880.00,223.61,60.88,0.96
THB 226.08 - THB 229.27,1399.00,228.08,81.97,1306.00,228.14,62.77,0.93
THB 229.27 - THB 232.45,2564.00,230.41,157.15,2458.00,230.40,63.93,0.96
THB 232.45 - THB 235.64,879.00,234.27,51.45,825.00,234.27,62.36,0.94
THB 235.64 - THB 238.82,878.00,237.48,51.98,828.00,237.49,62.77,0.94
THB 238.82 - THB 242.00,760.00,240.67,44.99,694.00,240.67,64.82,0.91
THB 242.00 - THB 245.19,766.00,243.88,45.91,716.00,243.89,64.12,0.93
THB 245.19 - THB 248.37,2436.00,245.97,162.12,2206.00,245.98,73.49,0.91
THB 248.37 - THB 251.56,7494.00,249.93,252.06,7336.00,249.92,34.36,0.98
THB 251.56 - THB 254.74,794.00,253.54,46.45,729.00,253.53,63.72,0.92
THB 254.74 - THB 257.93,5709.00,255.51,348.47,5492.00,255.51,63.45,0.96
THB 257.93 - THB 261.11,655.00,259.72,37.98,605.00,259.72,62.78,0.92
THB 261.11 - THB 264.29,577.00,262.98,34.40,543.00,262.98,63.36,0.94
THB 264.29 - THB 267.48,622.00,266.17,37.00,576.00,266.20,64.23,0.93
THB 267.48 - THB 270.66,564.00,269.43,34.60,535.00,269.42,64.68,0.95
THB 270.66 - THB 273.85,524.00,272.59,34.18,496.00,272.57,68.90,0.95
THB 273.85 - THB 277.03,571.00,275.81,35.38,540.00,275.79,65.51,0.95
THB 277.03 - THB 280.22,530.00,278.98,33.86,493.00,278.99,68.68,0.93
THB 280.22 - THB 283.40,584.00,282.06,35.21,548.00,282.05,64.26,0.94
THB 283.40 - THB 286.58,552.00,285.27,34.60,516.00,285.28,67.06,0.93
THB 286.58 - THB 289.77,729.00,288.12,47.67,693.00,288.10,68.79,0.95
THB 289.77 - THB 292.95,1091.00,291.48,52.39,1050.00,291.49,49.90,0.96
THB 292.95 - THB 296.14,588.00,294.86,37.33,555.00,294.85,67.26,0.94
THB 296.14 - THB 299.32,432.00,298.13,26.74,404.00,298.13,66.19,0.94
THB 299.32 - THB 302.51,461.00,301.31,28.13,421.00,301.28,66.81,0.91
THB 302.51 - THB 305.69,398.00,304.56,25.07,364.00,304.57,68.88,0.91
THB 305.69 - THB 308.87,428.00,307.64,26.95,393.00,307.62,68.58,0.92
THB 308.87 - THB 312.06,395.00,310.85,24.84,369.00,310.87,67.32,0.93
THB 312.06 - THB 315.24,416.00,314.16,25.52,388.00,314.19,65.76,0.93
THB 315.24 - THB 318.43,385.00,317.24,24.35,367.00,317.24,66.35,0.95
THB 318.43 - THB 321.61,5293.00,318.96,367.37,4807.00,318.96,76.42,0.91
THB 321.61 - THB 324.80,499.00,323.69,29.64,435.00,323.68,68.15,0.87
THB 324.80 - THB 327.98,1039.00,326.89,57.70,756.00,326.88,76.33,0.73
THB 327.98 - THB 331.16,621.00,329.92,33.78,597.00,329.92,56.58,0.96
THB 331.16 - THB 334.35,362.00,333.26,24.64,336.00,333.28,73.33,0.93
THB 334.35 - THB 337.53,362.00,336.48,23.28,345.00,336.51,67.49,0.95
THB 337.53 - THB 340.72,365.00,339.52,24.34,347.00,339.54,70.15,0.95
THB 340.72 - THB 343.90,353.00,342.73,23.12,329.00,342.74,70.29,0.93
THB 343.90 - THB 347.09,303.00,345.93,19.87,277.00,345.96,71.74,0.91
THB 347.09 - THB 350.27,317.00,349.20,19.98,294.00,349.22,67.96,0.93
THB 350.27 - THB 353.45,277.00,352.37,18.00,256.00,352.37,70.29,0.92
THB 353.45 - THB 356.64,271.00,355.38,18.06,249.00,355.38,72.52,0.92
THB 356.64 - THB 359.82,312.00,358.66,18.42,281.00,358.65,65.55,0.90
THB 359.82 - THB 363.01,279.00,361.93,17.57,267.00,361.94,65.81,0.96
THB 363.01 - THB 366.19,274.00,365.09,19.08,257.00,365.11,74.26,0.94
THB 366.19 - THB 369.37,288.00,368.43,20.69,273.00,368.48,75.79,0.95
THB 369.37 - THB 372.56,320.00,371.57,21.09,300.00,371.56,70.30,0.94
THB 372.56 - THB 375.74,269.00,374.77,18.21,249.00,374.77,73.12,0.93
THB 375.74 - THB 378.93,261.00,377.98,16.64,249.00,377.99,66.84,0.95
THB 378.93 - THB 382.11,257.00,381.11,18.73,241.00,381.10,77.71,0.94
THB 382.11 - THB 385.30,288.00,384.18,20.35,270.00,384.17,75.36,0.94
THB 385.30 - THB 388.48,215.00,387.48,14.28,205.00,387.49,69.68,0.95
THB 388.48 - THB 391.66,225.00,390.71,16.17,219.00,390.70,73.83,0.97
THB 391.66 - THB 394.85,228.00,393.87,14.82,218.00,393.84,67.99,0.96
THB 394.85 - THB 398.03,191.00,397.25,14.04,179.00,397.26,78.46,0.94
THB 398.03 - THB 401.22,213.00,400.25,14.81,197.00,400.28,75.16,0.92
THB 401.22 - THB 404.40,206.00,403.30,14.65,196.00,403.30,74.76,0.95
THB 404.40 - THB 407.59,195.00,406.56,15.61,184.00,406.54,84.82,0.94
THB 407.59 - THB 410.77,190.00,409.70,14.03,177.00,409.66,79.28,0.93
THB 410.77 - THB 413.95,208.00,412.99,14.91,200.00,412.98,74.57,0.96
THB 413.95 - THB 417.14,190.00,416.18,12.98,180.00,416.21,72.14,0.95
THB 417.14 - THB 420.32,230.00,419.53,17.19,217.00,419.54,79.21,0.94
THB 420.32 - THB 423.51,181.00,422.58,13.34,176.00,422.59,75.82,0.97
THB 423.51 - THB 426.69,148.00,425.79,11.14,137.00,425.80,81.29,0.93
THB 426.69 - THB 429.88,174.00,428.94,13.36,172.00,428.94,77.68,0.99
THB 429.88 - THB 433.06,824.00,431.77,62.09,806.00,431.77,77.03,0.98
THB 433.06 - THB 436.24,166.00,435.31,11.89,155.00,435.32,76.70,0.93
THB 436.24 - THB 439.43,166.00,438.47,10.98,156.00,438.53,70.41,0.94
THB 439.43 - THB 442.61,156.00,441.43,11.65,144.00,441.46,80.89,0.92
THB 442.61 - THB 445.80,144.00,445.05,10.62,132.00,445.06,80.48,0.92
THB 445.80 - THB 448.98,140.00,447.89,10.82,132.00,447.92,81.97,0.94
THB 448.98 - THB 452.17,144.00,451.53,10.09,135.00,451.55,74.75,0.94
THB 452.17 - THB 455.35,278.00,454.88,19.74,266.00,454.91,74.20,0.96
THB 455.35 - THB 458.53,175.00,457.27,14.14,160.00,457.28,88.35,0.91
THB 458.53 - THB 461.72,124.00,460.72,9.47,119.00,460.68,79.54,0.96
THB 461.72 - THB 464.90,136.00,463.69,11.49,129.00,463.73,89.05,0.95
THB 464.90 - THB 468.09,118.00,467.32,10.01,113.00,467.33,88.60,0.96
THB 468.09 - THB 471.27,116.00,470.48,9.62,107.00,470.57,89.89,0.92
THB 471.27 - THB 474.46,128.00,473.75,8.82,122.00,473.79,72.25,0.95
THB 474.46 - THB 477.64,130.00,476.74,11.58,123.00,476.76,94.15,0.95
THB 477.64 - THB 480.82,294.00,478.92,25.96,277.00,478.89,93.71,0.94
THB 480.82 - THB 484.01,116.00,483.24,8.80,109.00,483.24,80.77,0.94
THB 484.01 - THB 487.19,130.00,486.15,9.32,123.00,486.20,75.78,0.95
THB 487.19 - THB 490.38,110.00,489.30,8.89,107.00,489.32,83.13,0.97
THB 490.38 - THB 493.56,119.00,492.67,10.76,114.00,492.71,94.39,0.96
THB 493.56 - THB 496.75,111.00,495.59,8.58,104.00,495.61,82.54,0.94
THB 496.75 - THB 499.93,101.00,498.80,6.89,93.00,498.73,74.11,0.92
THB 499.93 - THB 503.11,93.00,502.33,7.60,84.00,502.30,90.53,0.90
THB 503.11 - THB 506.30,95.00,505.54,7.02,91.00,505.55,77.10,0.96
THB 506.30 - THB 509.48,85.00,508.52,7.17,85.00,508.52,84.34,1.00
THB 509.48 - THB 512.67,110.00,511.68,9.00,108.00,511.68,83.31,0.98
THB 512.67 - THB 515.85,101.00,515.09,8.16,95.00,515.09,85.85,0.94
THB 515.85 - THB 519.04,99.00,518.13,7.42,93.00,518.16,79.80,0.94
THB 519.04 - THB 522.22,86.00,521.02,8.04,84.00,520.99,95.68,0.98
THB 522.22 - THB 525.40,88.00,524.31,6.19,84.00,524.30,73.70,0.95
THB 525.40 - THB 528.59,76.00,527.61,6.73,72.00,527.59,93.47,0.95
THB 528.59 - THB 531.77,90.00,531.17,7.11,82.00,531.18,86.68,0.91
THB 531.77 - THB 534.96,82.00,534.01,7.12,80.00,534.03,89.05,0.98
THB 534.96 - THB 538.14,90.00,537.27,9.14,83.00,537.29,110.10,0.92
THB 538.14 - THB 541.33,86.00,540.43,7.50,79.00,540.40,94.98,0.92
THB 541.33 - THB 544.51,73.00,543.53,5.83,70.00,543.56,83.33,0.96
THB 544.51 - THB 547.69,80.00,546.76,7.66,77.00,546.76,99.43,0.96
THB 547.69 - THB 550.88,82.00,549.87,6.61,78.00,549.88,84.76,0.95
THB 550.88 - THB 554.06,76.00,553.19,6.34,74.00,553.22,85.68,0.97
THB 554.06 - THB 557.25,93.00,556.43,8.23,88.00,556.44,93.52,0.95
THB 557.25 - THB 560.43,66.00,559.41,4.61,61.00,559.43,75.61,0.92
THB 560.43 - THB 563.62,79.00,562.76,7.12,73.00,562.89,97.58,0.92
THB 563.62 - THB 566.80,66.00,566.24,6.28,63.00,566.24,99.66,0.95
THB 566.80 - THB 569.98,72.00,568.97,5.36,64.00,569.11,83.68,0.89
THB 569.98 - THB 573.17,68.00,572.51,6.33,63.00,572.50,100.41,0.93
THB 573.17 - THB 576.35,72.00,575.62,6.31,67.00,575.65,94.15,0.93
THB 576.35 - THB 579.54,59.00,578.65,6.04,56.00,578.66,107.88,0.95
THB 579.54 - THB 582.72,55.00,581.73,5.40,54.00,581.76,99.96,0.98
THB 582.72 - THB 585.91,60.00,585.12,5.38,55.00,585.16,97.77,0.92
THB 585.91 - THB 589.09,67.00,588.21,5.34,63.00,588.18,84.71,0.94
THB 589.09 - THB 592.27,65.00,591.47,6.12,64.00,591.44,95.70,0.98
THB 592.27 - THB 595.46,42.00,594.66,4.19,39.00,594.63,107.33,0.93
THB 595.46 - THB 598.64,64.00,597.42,6.21,61.00,597.41,101.79,0.95
THB 598.64 - THB 601.83,59.00,600.88,5.40,54.00,600.87,100.05,0.92
THB 601.83 - THB 605.01,50.00,603.97,4.60,48.00,604.00,95.87,0.96
THB 605.01 - THB 608.19,44.00,607.26,3.51,41.00,607.27,85.64,0.93
THB 608.19 - THB 611.38,53.00,610.30,3.40,48.00,610.20,70.84,0.91
THB 611.38 - THB 614.56,57.00,613.69,5.14,54.00,613.71,95.22,0.95
THB 614.56 - THB 617.75,58.00,616.54,6.42,54.00,616.51,118.89,0.93
THB 617.75 - THB 620.93,60.00,619.87,5.71,52.00,619.77,109.77,0.87
THB 620.93 - THB 624.12,51.00,623.38,4.94,46.00,623.41,107.39,0.90
THB 624.12 - THB 627.30,53.00,626.23,4.09,52.00,626.19,78.74,0.98
THB 627.30 - THB 630.48,63.00,629.74,6.77,61.00,629.76,110.96,0.97
THB 630.48 - THB 633.67,42.00,632.98,4.36,41.00,632.99,106.35,0.98
THB 633.67 - THB 636.85,46.00,635.76,4.53,42.00,635.75,107.93,0.91
THB 636.85 - THB 640.04,1106.00,637.69,137.65,1020.00,637.67,134.95,0.92
THB 640.04 - THB 643.22,31.00,642.04,3.25,31.00,642.04,105.00,1.00
THB 643.22 - THB 646.41,45.00,645.70,5.84,41.00,645.73,142.36,0.91
THB 646.41 - THB 649.59,45.00,648.81,4.02,41.00,648.77,97.96,0.91
THB 649.59 - THB 652.77,43.00,652.52,4.60,40.00,652.54,115.01,0.93
THB 652.77 - THB 655.96,40.00,655.31,3.22,37.00,655.19,87.10,0.93
THB 655.96 - THB 659.14,41.00,657.75,4.37,38.00,657.82,115.10,0.93
THB 659.14 - THB 662.33,42.00,661.32,5.46,41.00,661.27,133.17,0.98
THB 662.33 - THB 665.51,34.00,664.65,2.75,34.00,664.65,80.97,1.00
THB 665.51 - THB 668.70,30.00,667.96,2.34,30.00,667.96,78.10,1.00
THB 668.70 - THB 671.88,46.00,671.13,4.20,44.00,671.14,95.51,0.96
THB 671.88 - THB 675.06,41.00,674.12,4.66,36.00,674.14,129.34,0.88
THB 675.06 - THB 678.25,38.00,677.35,3.83,37.00,677.38,103.39,0.97
THB 678.25 - THB 681.43,28.00,680.85,2.50,27.00,680.81,92.63,0.96
THB 681.43 - THB 684.62,142.00,683.68,12.60,124.00,683.65,101.59,0.87
THB 684.62 - THB 687.80,35.00,687.53,3.43,31.00,687.44,110.72,0.89
THB 687.80 - THB 690.99,25.00,690.40,2.53,24.00,690.45,105.37,0.96
THB 690.99 - THB 694.17,34.00,693.45,3.84,30.00,693.46,128.07,0.88
THB 694.17 - THB 697.35,31.00,696.58,3.44,29.00,696.55,118.61,0.94
THB 697.35 - THB 700.54,42.00,700.10,5.93,42.00,700.10,141.19,1.00
THB 700.54 - THB 703.72,36.00,703.33,4.30,36.00,703.33,119.37,1.00
THB 703.72 - THB 706.91,41.00,706.15,3.49,40.00,706.12,87.29,0.98
THB 706.91 - THB 710.09,21.00,709.44,2.06,19.00,709.45,108.67,0.90
THB 710.09 - THB 713.28,161.00,712.20,20.25,156.00,712.22,129.84,0.97
THB 713.28 - THB 716.46,27.00,715.85,2.62,26.00,715.85,100.95,0.96
THB 716.46 - THB 719.64,37.00,719.33,2.84,35.00,719.28,81.27,0.95
THB 719.64 - THB 722.83,24.00,722.50,3.69,23.00,722.50,160.34,0.96
THB 722.83 - THB 726.01,27.00,724.99,2.95,26.00,724.95,113.28,0.96
THB 726.01 - THB 729.20,25.00,728.42,2.80,21.00,728.45,133.10,0.84
THB 729.20 - THB 732.38,24.00,731.02,2.76,23.00,731.08,120.13,0.96
THB 732.38 - THB 735.57,20.00,734.23,2.66,20.00,734.23,133.24,1.00
THB 735.57 - THB 738.75,33.00,738.09,2.81,31.00,738.14,90.70,0.94
THB 738.75 - THB 741.93,26.00,741.83,2.42,24.00,741.84,100.70,0.92
THB 741.93 - THB 745.12,29.00,744.82,2.58,29.00,744.82,88.89,1.00
THB 745.12 - THB 748.30,28.00,747.21,2.70,26.00,747.13,103.79,0.93
THB 748.30 - THB 751.49,44.00,750.91,4.96,44.00,750.91,112.70,1.00
THB 751.49 - THB 754.67,33.00,754.54,3.72,33.00,754.54,112.60,1.00
THB 754.67 - THB 757.86,37.00,756.72,3.42,36.00,756.70,95.00,0.97
THB 757.86 - THB 761.04,28.00,760.18,2.30,27.00,760.22,85.25,0.96
THB 761.04 - THB 764.22,27.00,763.75,2.34,27.00,763.75,86.52,1.00
THB 764.22 - THB 767.41,23.00,767.27,2.57,22.00,767.17,116.92,0.96
THB 767.41 - THB 770.59,23.00,770.14,1.97,23.00,770.14,85.83,1.00
THB 770.59 - THB 773.78,35.00,772.72,3.71,32.00,772.78,115.83,0.91
THB 773.78 - THB 776.96,16.00,776.31,2.07,16.00,776.31,129.10,1.00
THB 776.96 - THB 780.15,28.00,779.42,3.69,28.00,779.42,131.83,1.00
THB 780.15 - THB 783.33,17.00,782.29,2.95,16.00,782.11,184.16,0.94
THB 783.33 - THB 786.51,19.00,785.81,1.95,17.00,785.77,114.63,0.89
THB 786.51 - THB 789.70,23.00,789.37,1.92,22.00,789.27,87.37,0.96
THB 789.70 - THB 792.88,23.00,791.79,2.40,18.00,792.02,133.57,0.78
THB 792.88 - THB 796.07,23.00,795.27,1.92,21.00,795.25,91.55,0.91
THB 796.07 - THB 799.25,107.00,796.67,14.17,98.00,796.62,144.59,0.92
THB 799.25 - THB 802.44,26.00,801.77,2.64,26.00,801.77,101.48,1.00
THB 802.44 - THB 805.62,18.00,805.29,1.28,17.00,805.33,75.57,0.94
THB 805.62 - THB 808.80,12.00,808.20,1.15,11.00,808.28,104.38,0.92
THB 808.80 - THB 811.99,34.00,811.11,3.62,32.00,811.10,113.01,0.94
THB 811.99 - THB 815.17,20.00,814.48,2.61,18.00,814.53,145.25,0.90
THB 815.17 - THB 818.36,25.00,816.93,2.62,22.00,817.01,119.08,0.88
THB 818.36 - THB 821.54,15.00,820.95,1.21,14.00,820.79,86.17,0.93
THB 821.54 - THB 824.72,13.00,824.68,1.45,10.00,824.31,144.99,0.77
THB 824.72 - THB 827.91,18.00,827.22,2.48,17.00,827.20,145.71,0.94
THB 827.91 - THB 831.09,17.00,830.60,1.83,15.00,830.57,122.00,0.88
THB 831.09 - THB 834.28,24.00,834.16,2.67,24.00,834.16,111.14,1.00
THB 834.28 - THB 837.46,27.00,836.67,2.54,26.00,836.73,97.55,0.96
THB 837.46 - THB 840.65,14.00,840.83,1.08,13.00,840.85,83.20,0.93
THB 840.65 - THB 843.83,22.00,843.56,3.81,22.00,843.56,173.27,1.00
THB 843.83 - THB 847.01,25.00,846.00,1.92,24.00,846.01,80.02,0.96
THB 847.01 - THB 850.20,21.00,849.88,5.15,19.00,850.10,271.02,0.90
THB 850.20 - THB 853.38,18.00,852.82,2.31,18.00,852.82,128.49,1.00
THB 853.38 - THB 856.57,14.00,854.79,1.06,13.00,854.80,81.71,0.93
THB 856.57 - THB 859.75,17.00,859.60,2.38,17.00,859.60,140.23,1.00
THB 859.75 - THB 862.94,20.00,862.28,3.25,19.00,862.33,171.08,0.95
THB 862.94 - THB 866.12,21.00,865.26,1.92,20.00,865.24,95.95,0.95
THB 866.12 - THB 869.30,17.00,869.09,1.57,17.00,869.09,92.47,1.00
THB 869.30 - THB 872.49,18.00,872.09,1.99,16.00,871.86,124.53,0.89
THB 872.49 - THB 875.67,17.00,875.11,2.77,17.00,875.11,163.11,1.00
THB 875.67 - THB 878.86,25.00,878.95,3.16,23.00,878.95,137.44,0.92
THB 878.86 - THB 882.04,11.00,881.00,2.06,11.00,881.00,187.29,1.00
THB 882.04 - THB 885.23,14.00,884.06,0.99,11.00,884.21,89.75,0.79
THB 885.23 - THB 888.41,12.00,887.81,2.47,12.00,887.81,205.79,1.00
THB 888.41 - THB 891.59,19.00,891.28,3.42,18.00,891.31,189.92,0.95
THB 891.59 - THB 894.78,19.00,893.97,2.77,19.00,893.97,145.96,1.00
THB 894.78 - THB 897.96,12.00,897.23,1.23,12.00,897.23,102.42,1.00
THB 897.96 - THB 901.15,19.00,900.49,3.12,19.00,900.49,163.98,1.00
THB 901.15 - THB 904.33,19.00,904.37,1.82,18.00,904.52,100.91,0.95
THB 904.33 - THB 907.52,25.00,906.98,2.25,23.00,907.06,97.93,0.92
THB 907.52 - THB 910.70,368.00,911.57,37.66,352.00,911.55,107.00,0.96
THB 910.70 - THB 913.88,174.00,911.96,15.13,170.00,911.92,88.97,0.98
THB 913.88 - THB 917.07,11.00,916.97,1.71,11.00,916.97,155.47,1.00
THB 917.07 - THB 920.25,13.00,919.99,1.80,13.00,919.99,138.25,1.00
THB 920.25 - THB 923.44,13.00,922.92,2.79,13.00,922.92,214.57,1.00
THB 923.44 - THB 926.62,10.00,925.64,1.35,10.00,925.64,135.40,1.00
THB 926.62 - THB 929.81,18.00,929.44,1.79,18.00,929.44,99.20,1.00
THB 929.81 - THB 932.99,20.00,933.15,2.85,20.00,933.15,142.29,1.00
THB 932.99 - THB 936.17,18.00,935.91,2.26,18.00,935.91,125.62,1.00
THB 936.17 - THB 939.36,36.00,939.40,3.90,35.00,939.32,111.30,0.97
THB 939.36 - THB 942.54,47.00,942.05,6.54,46.00,942.08,142.13,0.98
THB 942.54 - THB 945.73,42.00,944.87,4.57,41.00,944.90,111.35,0.98
THB 945.73 - THB 948.91,15.00,948.81,2.92,14.00,948.65,208.69,0.93
THB 948.91 - THB 952.10,19.00,951.95,2.18,17.00,951.81,128.50,0.89
THB 952.10 - THB 955.28,18.00,954.36,2.22,18.00,954.36,123.44,1.00
THB 955.28 - THB 958.46,21.00,957.68,4.11,21.00,957.68,195.70,1.00
THB 958.46 - THB 961.65,21.00,961.27,2.23,21.00,961.27,106.30,1.00
THB 961.65 - THB 964.83,8.00,963.21,0.62,8.00,963.21,77.51,1.00
THB 964.83 - THB 968.02,17.00,967.06,2.37,17.00,967.06,139.38,1.00
THB 968.02 - THB 971.20,8.00,970.57,1.87,8.00,970.57,233.54,1.00
THB 971.20 - THB 974.39,12.00,974.29,1.04,12.00,974.29,86.67,1.00
THB 974.39 - THB 977.57,13.00,977.57,1.17,12.00,977.42,97.44,0.92
THB 977.57 - THB 980.75,8.00,981.20,2.02,8.00,981.20,252.31,1.00
THB 980.75 - THB 983.94,14.00,982.17,1.61,14.00,982.17,114.72,1.00
THB 983.94 - THB 987.12,11.00,986.40,1.06,11.00,986.40,96.58,1.00
THB 987.12 - THB 990.31,8.00,989.65,0.51,8.00,989.65,63.75,1.00
THB 990.31 - THB 993.49,10.00,993.31,1.29,10.00,993.31,129.43,1.00
THB 993.49 - THB 996.68,9.00,996.69,1.15,8.00,997.05,144.03,0.89
THB 996.68 - THB 999.86,12.00,999.65,1.07,10.00,998.96,106.90,0.83
"THB 999.86 - THB 1,003.04",12.00,1003.14,0.83,12.00,1003.14,69.15,1.00
"THB 1,003.04 - THB 1,006.23",12.00,1007.46,1.55,10.00,1007.84,155.30,0.83
"THB 1,006.23 - THB 1,009.41",9.00,1008.92,0.93,9.00,1008.92,103.03,1.00
"THB 1,009.41 - THB 1,012.60",12.00,1012.62,2.32,12.00,1012.62,193.41,1.00
"THB 1,012.60 - THB 1,015.78",8.00,1016.26,0.38,8.00,1016.26,47.84,1.00
"THB 1,015.78 - THB 1,018.97",12.00,1018.32,0.62,11.00,1018.30,56.44,0.92
"THB 1,018.97 - THB 1,022.15",8.00,1021.86,0.99,8.00,1021.86,123.59,1.00
"THB 1,022.15 - THB 1,025.33",5.00,1025.17,0.63,5.00,1025.17,126.83,1.00
"THB 1,025.33 - THB 1,028.52",9.00,1028.04,1.45,8.00,1027.77,181.01,0.89
"THB 1,028.52 - THB 1,031.70",8.00,1031.20,0.94,7.00,1030.70,134.85,0.88
"THB 1,031.70 - THB 1,034.89",3.00,1037.46,0.13,3.00,1037.46,42.59,1.00
"THB 1,034.89 - THB 1,038.07",10.00,1036.86,1.23,9.00,1036.70,136.13,0.90
"THB 1,038.07 - THB 1,041.26",7.00,1042.60,0.48,7.00,1042.60,68.11,1.00
"THB 1,041.26 - THB 1,044.44",8.00,1043.51,0.92,8.00,1043.51,115.25,1.00
"THB 1,044.44 - THB 1,047.62",11.00,1046.28,1.30,11.00,1046.28,117.85,1.00
"THB 1,047.62 - THB 1,050.81",9.00,1049.45,0.63,8.00,1049.13,78.77,0.89
"THB 1,050.81 - THB 1,053.99",9.00,1054.13,1.45,8.00,1054.22,181.05,0.89
"THB 1,053.99 - THB 1,057.18",14.00,1057.12,1.69,14.00,1057.12,120.79,1.00
"THB 1,057.18 - THB 1,060.36",14.00,1060.63,1.97,13.00,1060.48,151.83,0.93
"THB 1,060.36 - THB 1,063.54",11.00,1064.04,1.45,11.00,1064.04,131.52,1.00
"THB 1,063.54 - THB 1,066.73",13.00,1066.92,1.31,12.00,1066.73,109.32,0.92
"THB 1,066.73 - THB 1,069.91",8.00,1069.29,1.09,8.00,1069.29,136.07,1.00
"THB 1,069.91 - THB 1,073.10",13.00,1073.23,2.61,13.00,1073.23,200.72,1.00
"THB 1,073.10 - THB 1,076.28",5.00,1077.57,0.57,5.00,1077.57,114.07,1.00
"THB 1,076.28 - THB 1,079.47",15.00,1078.24,1.78,13.00,1078.34,136.79,0.87
"THB 1,079.47 - THB 1,082.65",13.00,1081.78,1.79,13.00,1081.78,137.75,1.00
"THB 1,082.65 - THB 1,085.83",14.00,1085.21,1.54,12.00,1085.50,128.07,0.86
"THB 1,085.83 - THB 1,089.02",15.00,1088.78,2.06,15.00,1088.78,137.50,1.00
"THB 1,089.02 - THB 1,092.20",9.00,1093.28,0.99,9.00,1093.28,109.93,1.00
"THB 1,092.20 - THB 1,095.39",5.00,1096.24,0.59,4.00,1095.89,148.37,0.80
"THB 1,095.39 - THB 1,098.57",7.00,1099.11,0.82,7.00,1099.11,117.46,1.00
"THB 1,098.57 - THB 1,101.76",9.00,1100.05,2.10,8.00,1099.85,262.12,0.89
"THB 1,101.76 - THB 1,104.94",9.00,1105.04,1.16,9.00,1105.04,128.80,1.00
"THB 1,104.94 - THB 1,108.12",13.00,1106.96,2.79,13.00,1106.96,214.83,1.00
"THB 1,108.12 - THB 1,111.31",4.00,1110.18,0.19,3.00,1110.21,63.73,0.75
"THB 1,111.31 - THB 1,114.49",17.00,1113.70,1.67,17.00,1113.70,98.28,1.00
"THB 1,114.49 - THB 1,117.68",7.00,1117.08,1.33,7.00,1117.08,189.87,1.00
"THB 1,117.68 - THB 1,120.86",11.00,1122.04,2.15,10.00,1122.46,214.72,0.91
"THB 1,120.86 - THB 1,124.05",4.00,1122.98,1.08,4.00,1122.98,268.82,1.00
"THB 1,124.05 - THB 1,127.23",5.00,1127.32,0.49,4.00,1127.40,122.61,0.80
"THB 1,127.23 - THB 1,130.41",9.00,1131.01,2.14,9.00,1131.01,237.39,1.00
"THB 1,130.41 - THB 1,133.60",7.00,1133.45,1.11,7.00,1133.45,158.63,1.00
"THB 1,133.60 - THB 1,136.78",10.00,1136.51,1.60,10.00,1136.51,160.28,1.00
"THB 1,136.78 - THB 1,139.97",8.00,1138.89,1.01,8.00,1138.89,126.25,1.00
"THB 1,139.97 - THB 1,143.15",4.00,1143.46,1.15,4.00,1143.46,287.64,1.00
"THB 1,143.15 - THB 1,146.34",12.00,1145.19,1.65,11.00,1145.31,149.74,0.92
"THB 1,146.34 - THB 1,149.52",10.00,1150.37,1.19,8.00,1149.75,149.06,0.80
"THB 1,149.52 - THB 1,152.70",6.00,1154.19,0.85,5.00,1153.93,169.98,0.83
"THB 1,152.70 - THB 1,155.89",9.00,1156.41,1.37,9.00,1156.41,151.85,1.00
"THB 1,155.89 - THB 1,159.07",6.00,1160.06,0.25,4.00,1158.81,63.73,0.67
"THB 1,159.07 - THB 1,162.26",9.00,1162.36,1.15,9.00,1162.36,127.98,1.00
"THB 1,162.26 - THB 1,165.44",7.00,1165.23,1.29,7.00,1165.23,184.92,1.00
"THB 1,165.44 - THB 1,168.63",8.00,1167.59,1.11,8.00,1167.59,138.54,1.00
"THB 1,168.63 - THB 1,171.81",10.00,1172.63,1.42,10.00,1172.63,141.78,1.00
"THB 1,171.81 - THB 1,174.99",4.00,1175.52,1.62,4.00,1175.52,405.07,1.00
"THB 1,174.99 - THB 1,178.18",11.00,1177.39,2.75,11.00,1177.39,250.03,1.00
"THB 1,178.18 - THB 1,181.36",130.00,1179.97,19.69,130.00,1179.97,151.48,1.00
"THB 1,181.36 - THB 1,184.55",11.00,1184.04,1.96,11.00,1184.04,178.22,1.00
"THB 1,184.55 - THB 1,187.73",7.00,1186.18,1.01,7.00,1186.18,144.31,1.00
"THB 1,187.73 - THB 1,190.92",36.00,1191.16,4.08,35.00,1191.07,116.65,0.97
"THB 1,190.92 - THB 1,194.10",6.00,1192.93,0.38,6.00,1192.93,62.71,1.00
"THB 1,194.10 - THB 1,197.28",10.00,1197.50,1.50,10.00,1197.50,150.45,1.00
"THB 1,197.28 - THB 1,200.47",11.00,1200.54,2.22,9.00,1201.09,246.46,0.82
"THB 1,200.47 - THB 1,203.65",5.00,1203.38,1.05,5.00,1203.38,210.76,1.00
"THB 1,203.65 - THB 1,206.84",8.00,1207.94,1.04,8.00,1207.94,129.50,1.00
"THB 1,206.84 - THB 1,210.02",7.00,1209.08,1.50,7.00,1209.08,213.81,1.00
"THB 1,210.02 - THB 1,213.21",10.00,1211.95,1.45,10.00,1211.95,145.50,1.00
"THB 1,213.21 - THB 1,216.39",12.00,1215.62,1.06,11.00,1215.68,95.94,0.92
"THB 1,216.39 - THB 1,219.57",8.00,1219.25,0.80,8.00,1219.25,100.04,1.00
"THB 1,219.57 - THB 1,222.76",13.00,1222.59,2.01,13.00,1222.59,154.49,1.00
"THB 1,222.76 - THB 1,225.94",9.00,1226.61,1.42,7.00,1227.03,202.57,0.78
"THB 1,225.94 - THB 1,229.13",6.00,1227.98,0.23,4.00,1227.70,57.38,0.67
"THB 1,229.13 - THB 1,232.31",8.00,1231.37,1.17,8.00,1231.37,146.56,1.00
"THB 1,232.31 - THB 1,235.50",6.00,1234.76,0.19,4.00,1234.37,47.82,0.67
"THB 1,235.50 - THB 1,238.68",8.00,1238.59,0.58,8.00,1238.59,72.89,1.00
"THB 1,238.68 - THB 1,241.86",2.00,1242.94,0.13,2.00,1242.94,63.79,1.00
"THB 1,241.86 - THB 1,245.05",7.00,1245.20,0.71,7.00,1245.20,101.91,1.00
"THB 1,245.05 - THB 1,248.23",8.00,1248.88,2.38,8.00,1248.88,298.01,1.00
"THB 1,248.23 - THB 1,251.42",6.00,1250.96,0.43,6.00,1250.96,71.80,1.00
"THB 1,251.42 - THB 1,254.60",4.00,1254.74,0.32,2.00,1252.95,160.23,0.50
"THB 1,254.60 - THB 1,257.79",7.00,1258.20,1.25,7.00,1258.20,178.55,1.00
"THB 1,257.79 - THB 1,260.97",3.00,1263.25,0.19,3.00,1263.25,63.83,1.00
"THB 1,260.97 - THB 1,264.15",3.00,1265.20,0.74,3.00,1265.20,245.12,1.00
"THB 1,264.15 - THB 1,267.34",5.00,1267.73,0.61,5.00,1267.73,122.95,1.00
"THB 1,267.34 - THB 1,270.52",7.00,1271.68,0.77,7.00,1271.68,109.33,1.00
"THB 1,270.52 - THB 1,273.71",12.00,1273.71,2.63,11.00,1273.96,238.94,0.92
"THB 1,273.71 - THB 1,276.89",22.00,1277.03,6.48,22.00,1277.03,294.48,1.00
"THB 1,276.89 - THB 1,280.08",4.00,1280.65,0.58,4.00,1280.65,144.46,1.00
"THB 1,280.08 - THB 1,283.26",8.00,1283.06,2.75,8.00,1283.06,343.83,1.00
"THB 1,283.26 - THB 1,286.44",2.00,1286.98,0.34,2.00,1286.98,167.83,1.00
"THB 1,286.44 - THB 1,289.63",6.00,1289.68,1.63,6.00,1289.68,272.24,1.00
"THB 1,289.63 - THB 1,292.81",5.00,1293.88,0.54,4.00,1293.26,136.18,0.80
"THB 1,292.81 - THB 1,296.00",12.00,1295.54,1.66,10.00,1294.92,166.42,0.83
"THB 1,296.00 - THB 1,299.18",6.00,1300.63,0.42,3.00,1298.15,138.54,0.50
"THB 1,299.18 - THB 1,302.36",2.00,1302.89,0.13,2.00,1302.89,63.76,1.00
"THB 1,302.36 - THB 1,305.55",8.00,1306.18,1.34,7.00,1306.35,190.90,0.88
"THB 1,305.55 - THB 1,308.73",5.00,1306.62,1.03,5.00,1306.62,206.86,1.00
"THB 1,308.73 - THB 1,311.92",9.00,1312.21,1.52,9.00,1312.21,169.13,1.00
"THB 1,311.92 - THB 1,315.10",3.00,1314.13,1.90,3.00,1314.13,631.70,1.00
"THB 1,315.10 - THB 1,318.29",8.00,1317.80,0.59,8.00,1317.80,73.25,1.00
"THB 1,318.29 - THB 1,321.47",8.00,1322.98,1.52,5.00,1322.84,303.38,0.63
"THB 1,321.47 - THB 1,324.65",6.00,1323.43,0.81,6.00,1323.43,135.44,1.00
"THB 1,324.65 - THB 1,327.84",9.00,1328.80,0.83,8.00,1328.55,103.18,0.89
"THB 1,327.84 - THB 1,331.02",5.00,1330.19,1.00,5.00,1330.19,200.94,1.00
"THB 1,331.02 - THB 1,334.21",8.00,1333.41,0.60,6.00,1333.48,100.51,0.75
"THB 1,334.21 - THB 1,337.39",3.00,1336.70,0.49,3.00,1336.70,162.42,1.00
"THB 1,337.39 - THB 1,340.58",8.00,1340.07,2.56,8.00,1340.07,320.01,1.00
"THB 1,340.58 - THB 1,343.76",3.00,1343.87,1.43,3.00,1343.87,477.95,1.00
"THB 1,343.76 - THB 1,346.94",7.00,1347.40,0.85,7.00,1347.40,121.84,1.00
"THB 1,346.94 - THB 1,350.13",7.00,1349.50,1.65,7.00,1349.50,236.27,1.00
"THB 1,350.13 - THB 1,353.31",2.00,1352.45,0.68,2.00,1352.45,339.04,1.00
"THB 1,353.31 - THB 1,356.50",11.00,1356.46,1.77,11.00,1356.46,160.68,1.00
"THB 1,356.50 - THB 1,359.68",3.00,1358.28,1.32,3.00,1358.28,441.12,1.00
"THB 1,359.68 - THB 1,362.87",7.00,1362.99,0.75,7.00,1362.99,107.09,1.00
"THB 1,362.87 - THB 1,366.05",7.00,1365.31,0.92,7.00,1365.31,131.60,1.00
"THB 1,366.05 - THB 1,369.23",5.00,1369.27,1.99,5.00,1369.27,397.59,1.00
"THB 1,369.23 - THB 1,372.42",8.00,1372.81,1.66,8.00,1372.81,207.06,1.00
"THB 1,372.42 - THB 1,375.60",8.00,1375.07,0.64,8.00,1375.07,80.23,1.00
"THB 1,375.60 - THB 1,378.79",6.00,1378.11,1.30,6.00,1378.11,217.13,1.00
"THB 1,378.79 - THB 1,381.97",3.00,1382.07,0.14,2.00,1383.32,70.03,0.67
"THB 1,381.97 - THB 1,385.16",7.00,1385.32,1.54,7.00,1385.32,220.61,1.00
"THB 1,385.16 - THB 1,388.34",3.00,1387.57,0.95,3.00,1387.57,318.22,1.00
"THB 1,388.34 - THB 1,391.52",5.00,1389.71,1.20,5.00,1389.71,239.22,1.00
"THB 1,391.52 - THB 1,394.71",3.00,1392.67,0.26,3.00,1392.67,87.56,1.00
"THB 1,394.71 - THB 1,397.89",9.00,1397.73,0.76,9.00,1397.73,84.50,1.00
"THB 1,397.89 - THB 1,401.08",1.00,1400.69,0.06,1.00,1400.69,63.69,1.00
"THB 1,401.08 - THB 1,404.26",3.00,1405.33,0.06,2.00,1405.13,31.95,0.67
"THB 1,404.26 - THB 1,407.45",7.00,1407.04,1.21,7.00,1407.04,172.77,1.00
"THB 1,407.45 - THB 1,410.63",6.00,1411.82,0.91,6.00,1411.82,151.46,1.00
"THB 1,410.63 - THB 1,413.81",3.00,1412.53,0.42,3.00,1412.53,138.71,1.00
"THB 1,413.81 - THB 1,417.00",3.00,1415.08,0.84,3.00,1415.08,278.68,1.00
"THB 1,417.00 - THB 1,420.18",7.00,1419.38,2.27,7.00,1419.38,324.65,1.00
"THB 1,420.18 - THB 1,423.37",1.00,1427.92,0.00,1.00,1427.92,0.00,1.00
"THB 1,423.37 - THB 1,426.55",9.00,1425.68,1.50,9.00,1425.68,167.06,1.00
"THB 1,426.55 - THB 1,429.74",4.00,1429.80,1.10,4.00,1429.80,274.13,1.00
"THB 1,429.74 - THB 1,432.92",8.00,1432.86,0.96,6.00,1432.03,160.63,0.75
"THB 1,432.92 - THB 1,436.10",10.00,1435.66,2.28,10.00,1435.66,227.64,1.00
"THB 1,436.10 - THB 1,439.29",5.00,1439.70,0.45,5.00,1439.70,90.82,1.00
"THB 1,439.29 - THB 1,442.47",5.00,1443.18,1.08,5.00,1443.18,216.15,1.00
"THB 1,442.47 - THB 1,445.66",3.00,1446.84,0.40,3.00,1446.84,133.75,1.00
"THB 1,445.66 - THB 1,448.84",4.00,1449.79,0.67,3.00,1448.76,224.59,0.75
"THB 1,448.84 - THB 1,452.03",5.00,1453.33,0.45,5.00,1453.33,89.37,1.00
"THB 1,452.03 - THB 1,455.21",7.00,1453.80,0.47,7.00,1453.80,67.25,1.00
"THB 1,455.21 - THB 1,458.39",5.00,1458.16,0.43,5.00,1458.16,86.76,1.00
"THB 1,458.39 - THB 1,461.58",7.00,1463.14,0.26,5.00,1462.07,51.07,0.71
"THB 1,461.58 - THB 1,464.76",4.00,1465.33,0.26,4.00,1465.33,63.78,1.00
"THB 1,464.76 - THB 1,467.95",5.00,1467.71,2.26,4.00,1468.44,564.26,0.80
"THB 1,467.95 - THB 1,471.13",5.00,1471.48,1.03,5.00,1471.48,205.74,1.00
"THB 1,471.13 - THB 1,474.32",3.00,1472.72,0.69,3.00,1472.72,230.00,1.00
"THB 1,474.32 - THB 1,477.50",2.00,1478.44,0.41,2.00,1478.44,205.99,1.00
"THB 1,477.50 - THB 1,480.68",4.00,1480.46,1.50,4.00,1480.46,374.09,1.00
"THB 1,480.68 - THB 1,483.87",4.00,1482.69,0.29,4.00,1482.69,72.64,1.00
"THB 1,483.87 - THB 1,487.05",9.00,1486.94,2.46,8.00,1486.60,307.47,0.89
"THB 1,487.05 - THB 1,490.24",3.00,1493.62,0.46,3.00,1493.62,153.90,1.00
"THB 1,490.24 - THB 1,493.42",6.00,1495.74,0.92,5.00,1495.27,184.24,0.83
"THB 1,493.42 - THB 1,496.61",6.00,1497.86,1.11,5.00,1497.38,221.16,0.83
"THB 1,496.61 - THB 1,499.79",4.00,1499.48,0.19,3.00,1498.39,63.68,0.75
"THB 1,499.79 - THB 1,502.97",2.00,1500.62,0.22,2.00,1500.62,110.23,1.00
"THB 1,502.97 - THB 1,506.16",1.00,1504.24,0.06,1.00,1504.24,63.63,1.00
"THB 1,506.16 - THB 1,509.34",3.00,1513.84,0.35,1.00,1513.65,352.03,0.33
"THB 1,509.34 - THB 1,512.53",5.00,1513.92,1.01,5.00,1513.92,202.29,1.00
"THB 1,512.53 - THB 1,515.71",2.00,1514.68,0.86,2.00,1514.68,431.15,1.00
"THB 1,515.71 - THB 1,518.90",6.00,1519.19,1.05,6.00,1519.19,175.31,1.00
"THB 1,518.90 - THB 1,522.08",2.00,1523.46,0.13,2.00,1523.46,63.78,1.00
"THB 1,522.08 - THB 1,525.26",1.00,1525.09,0.06,1.00,1525.09,63.72,1.00
"THB 1,525.26 - THB 1,528.45",2.00,1529.66,0.13,2.00,1529.66,64.14,1.00
"THB 1,528.45 - THB 1,531.63",6.00,1533.39,1.27,5.00,1533.32,254.29,0.83
"THB 1,531.63 - THB 1,534.82",7.00,1533.90,0.48,6.00,1534.07,79.79,0.86
"THB 1,534.82 - THB 1,538.00",4.00,1537.65,0.59,4.00,1537.65,147.08,1.00
"THB 1,538.00 - THB 1,541.18",3.00,1540.55,0.83,3.00,1540.55,275.21,1.00
"THB 1,541.18 - THB 1,544.37",10.00,1543.89,0.78,10.00,1543.89,78.44,1.00
"THB 1,544.37 - THB 1,547.55",10.00,1549.49,4.03,8.00,1549.51,504.00,0.80
"THB 1,547.55 - THB 1,550.74",7.00,1551.73,0.32,6.00,1551.41,53.17,0.86
"THB 1,550.74 - THB 1,553.92",2.00,1554.58,0.59,2.00,1554.58,296.65,1.00
"THB 1,553.92 - THB 1,557.11",1.00,1556.53,0.81,1.00,1556.53,814.97,1.00
"THB 1,557.11 - THB 1,560.29",3.00,1560.80,0.65,3.00,1560.80,217.64,1.00
"THB 1,560.29 - THB 1,563.47",2.00,1562.60,0.13,2.00,1562.60,63.70,1.00
"THB 1,563.47 - THB 1,566.66",3.00,1566.84,0.34,3.00,1566.84,114.58,1.00
"THB 1,566.66 - THB 1,569.84",5.00,1569.37,0.56,5.00,1569.37,112.10,1.00
"THB 1,569.84 - THB 1,573.03",2.00,1574.15,0.74,2.00,1574.15,368.80,1.00
"THB 1,573.03 - THB 1,576.21",8.00,1574.84,1.17,8.00,1574.84,146.11,1.00
"THB 1,576.21 - THB 1,579.40",5.00,1578.46,0.65,5.00,1578.46,129.49,1.00
"THB 1,579.40 - THB 1,582.58",2.00,1585.02,0.93,2.00,1585.02,466.76,1.00
"THB 1,582.58 - THB 1,585.76",3.00,1586.43,0.37,3.00,1586.43,124.22,1.00
"THB 1,585.76 - THB 1,588.95",5.00,1588.24,0.25,4.00,1587.37,63.68,0.80
"THB 1,588.95 - THB 1,592.13",6.00,1592.52,1.18,6.00,1592.52,196.69,1.00
"THB 1,592.13 - THB 1,595.32",1995.00,2616.86,446.28,1983.00,2618.79,225.05,0.99